ds,trend,yhat_lower,yhat_upper,trend_lower,trend_upper,additive_terms,additive_terms_lower,additive_terms_upper,weekly,weekly_lower,weekly_upper,yearly,yearly_lower,yearly_upper,multiplicative_terms,multiplicative_terms_lower,multiplicative_terms_upper,yhat
2009-12-01,25297.363237732796,30403.482817763906,50217.27259540284,25297.363237732796,25297.363237732796,14816.065446913799,14816.065446913799,14816.065446913799,2923.807222379739,2923.807222379739,2923.807222379739,11892.258224534062,11892.258224534062,11892.258224534062,0.0,0.0,0.0,40113.4286846466
2009-12-02,25302.232584922356,27837.880707401637,48044.07423575073,25302.232584922356,25302.232584922356,13008.140370510031,13008.140370510031,13008.140370510031,856.1734189324139,856.1734189324139,856.1734189324139,12151.966951577619,12151.966951577619,12151.966951577619,0.0,0.0,0.0,38310.37295543239
2009-12-04,25311.971279301473,25929.653284594642,45562.90865605137,25311.971279301473,25311.971279301473,10397.404351198662,10397.404351198662,10397.404351198662,-1973.613030894586,-1973.613030894586,-1973.613030894586,12371.017382093249,12371.017382093249,12371.017382093249,0.0,0.0,0.0,35709.37563050014
2009-12-05,25316.84062649103,24249.4117969564,43517.12373615668,25316.84062649103,25316.84062649103,8614.551571732896,8614.551571732896,8614.551571732896,-3689.8077056486213,-3689.8077056486213,-3689.8077056486213,12304.359277381518,12304.359277381518,12304.359277381518,0.0,0.0,0.0,33931.392198223926
2009-12-06,25321.70997368059,22179.23520221063,40708.10046199355,25321.70997368059,25321.70997368059,5968.046293039919,5968.046293039919,5968.046293039919,-6138.724013748725,-6138.724013748725,-6138.724013748725,12106.770306788643,12106.770306788643,12106.770306788643,0.0,0.0,0.0,31289.75626672051
2009-12-07,25326.579320870147,29459.003105185093,49385.51031086545,25326.579320870147,25326.579320870147,14259.274203505161,14259.274203505161,14259.274203505161,2487.735837029991,2487.735837029991,2487.735837029991,11771.53836647517,11771.53836647517,11771.53836647517,0.0,0.0,0.0,39585.85352437531
2009-12-08,25331.448668059707,29523.650981909414,48736.41520391887,25331.448668059707,25331.448668059707,14218.781517076175,14218.781517076175,14218.781517076175,2923.8072223656636,2923.8072223656636,2923.8072223656636,11294.974294710508,11294.974294710508,11294.974294710508,0.0,0.0,0.0,39550.23018513588
2009-12-09,25336.318015249268,26891.77474809505,47448.76296290425,25336.318015249268,25336.318015249268,11532.752935945855,11532.752935945855,11532.752935945855,856.1734189298314,856.1734189298314,856.1734189298314,10676.579517016025,10676.579517016025,10676.579517016025,0.0,0.0,0.0,36869.07095119512
2009-12-10,25341.187362438824,30216.746314766264,50642.00193778215,25341.187362438824,25341.187362438824,15453.559467768218,15453.559467768218,15453.559467768218,5534.428271950083,5534.428271950083,5534.428271950083,9919.131195818134,9919.131195818134,9919.131195818134,0.0,0.0,0.0,40794.74683020704
2009-12-11,25346.064567084202,22000.573074691652,42479.41034203552,25346.064567084202,25346.064567084202,7055.068609240169,7055.068609240169,7055.068609240169,-1973.6130308998834,-1973.6130308998834,-1973.6130308998834,9028.681640140054,9028.681640140054,9028.681640140054,0.0,0.0,0.0,32401.133176324372
2009-12-13,25355.81897637496,15688.54550345602,35697.05877389115,25355.81897637496,25355.81897637496,750.0314654942391,750.0314654942391,750.0314654942391,-6138.724013741742,-6138.724013741742,-6138.724013741742,6888.7554792359815,6888.7554792359815,6888.7554792359815,0.0,0.0,0.0,26105.8504418692
2009-12-14,25360.69618102034,23980.216053589982,44455.425929099154,25360.69618102034,25360.69618102034,8154.288705793377,8154.288705793377,8154.288705793377,2487.735837045515,2487.735837045515,2487.735837045515,5666.552868747862,5666.552868747862,5666.552868747862,0.0,0.0,0.0,33514.98488681372
2009-12-15,25365.573385665717,21628.835100464206,42761.89718585231,25365.573385665717,25365.573385665717,7289.122316450407,7289.122316450407,7289.122316450407,2923.8072223712293,2923.8072223712293,2923.8072223712293,4365.3150940791775,4365.3150940791775,4365.3150940791775,0.0,0.0,0.0,32654.695702116125
2009-12-16,25370.4505903111,19594.70949584173,39214.66252217567,25370.4505903111,25370.4505903111,3860.705984665726,3860.705984665726,3860.705984665726,856.1734189252286,856.1734189252286,856.1734189252286,3004.532565740498,3004.532565740498,3004.532565740498,0.0,0.0,0.0,29231.156574976823
2009-12-17,25375.327794956476,23047.876290132346,43068.90644861507,25375.327794956476,25375.327794956476,7139.710896121907,7139.710896121907,7139.710896121907,5534.428271951766,5534.428271951766,5534.428271951766,1605.2826241701414,1605.2826241701414,1605.2826241701414,0.0,0.0,0.0,32515.038691078385
2009-12-18,25380.204999601854,13677.760669310257,33978.12486385492,25380.204999601854,25380.204999601854,-1783.8798571002437,-1783.8798571002437,-1783.8798571002437,-1973.61303090518,-1973.61303090518,-1973.61303090518,189.73317380493657,189.73317380493657,189.73317380493657,0.0,0.0,0.0,23596.32514250161
2009-12-20,25389.959408687508,6908.834443026285,27145.58136765255,25389.959408687508,25389.959408687508,-8738.049426609066,-8738.049426609066,-8738.049426609066,-6138.724013734759,-6138.724013734759,-6138.724013734759,-2599.3254128743088,-2599.3254128743088,-2599.3254128743088,0.0,0.0,0.0,16651.90998207844
2009-12-21,25394.836613230334,14063.92538822466,34189.44485936414,25394.836613230334,25394.836613230334,-1440.1356310941912,-1440.1356310941912,-1440.1356310941912,2487.7358370203224,2487.7358370203224,2487.7358370203224,-3927.8714681145134,-3927.8714681145134,-3927.8714681145134,0.0,0.0,0.0,23954.700982136143
2009-12-22,25399.71381777316,12278.979693145538,33312.27207421181,25399.71381777316,25399.71381777316,-2260.0694874359947,-2260.0694874359947,-2260.0694874359947,2923.807222374121,2923.807222374121,2923.807222374121,-5183.876709810116,-5183.876709810116,-5183.876709810116,0.0,0.0,0.0,23139.644330337167
2009-12-23,25404.591022315988,10839.112031177205,29983.686637273953,25404.591022315988,25404.591022315988,-5491.601010424217,-5491.601010424217,-5491.601010424217,856.1734189372144,856.1734189372144,856.1734189372144,-6347.774429361431,-6347.774429361431,-6347.774429361431,0.0,0.0,0.0,19912.990011891772
2010-01-04,25463.117476829902,9131.563031263138,28854.194802670998,25463.117476829902,25463.117476829902,-7214.105747398217,-7214.105747398217,-7214.105747398217,2487.735837035366,2487.735837035366,2487.735837035366,-9701.841584433583,-9701.841584433583,-9701.841584433583,0.0,0.0,0.0,18249.011729431684
2010-01-05,25467.99468137273,9805.404375631451,29622.757589153,25467.99468137273,25467.99468137273,-6245.264109617245,-6245.264109617245,-6245.264109617245,2923.807222362937,2923.807222362937,2923.807222362937,-9169.071331980182,-9169.071331980182,-9169.071331980182,0.0,0.0,0.0,19222.730571755485
2010-01-06,25472.871885915556,7774.712991433476,27334.158304057055,25472.871885915556,25472.871885915556,-7715.9603518461445,-7715.9603518461445,-7715.9603518461445,856.1734189445975,856.1734189445975,856.1734189445975,-8572.133770790742,-8572.133770790742,-8572.133770790742,0.0,0.0,0.0,17756.91153406941
2010-01-08,25482.626295001213,6048.553393002763,25323.436539965383,25482.626295001213,25482.626295001213,-9239.721640670188,-9239.721640670188,-9239.721640670188,-1973.6130309056764,-1973.6130309056764,-1973.6130309056764,-7266.108609764512,-7266.108609764512,-7266.108609764512,0.0,0.0,0.0,16242.904654331025
2010-01-10,25492.38070410361,3196.251080374338,23326.392474009062,25492.38070410361,25492.38070410361,-12083.804276381572,-12083.804276381572,-12083.804276381572,-6138.724013737388,-6138.724013737388,-6138.724013737388,-5945.080262644185,-5945.080262644185,-5945.080262644185,0.0,0.0,0.0,13408.576427722037
2010-01-11,25497.257908654807,11687.09887577935,32433.356047358724,25497.257908654807,25497.257908654807,-2839.150492678476,-2839.150492678476,-2839.150492678476,2487.7358370421775,2487.7358370421775,2487.7358370421775,-5326.8863297206535,-5326.8863297206535,-5326.8863297206535,0.0,0.0,0.0,22658.10741597633
2010-01-12,25502.135113206004,13631.682567094806,33627.30971201306,25502.135113206004,25502.135113206004,-1835.9709899937625,-1835.9709899937625,-1835.9709899937625,2923.807222385468,2923.807222385468,2923.807222385468,-4759.77821237923,-4759.77821237923,-4759.77821237923,0.0,0.0,0.0,23666.164123212242
2010-01-13,25507.012317757206,11361.003975885766,32916.914340024916,25507.012317757206,25507.012317757206,-3402.2937445081175,-3402.2937445081175,-3402.2937445081175,856.1734189420149,856.1734189420149,856.1734189420149,-4258.467163450132,-4258.467163450132,-4258.467163450132,0.0,0.0,0.0,22104.718573249087
2010-01-14,25511.889522308404,17435.547110441654,37263.442310005754,25511.889522308404,25511.889522308404,1699.1465836001144,1699.1465836001144,1699.1465836001144,5534.428271951242,5534.428271951242,5534.428271951242,-3835.2816883511277,-3835.2816883511277,-3835.2816883511277,0.0,0.0,0.0,27211.03610590852
2010-01-15,25516.766726859605,9382.002235268528,29836.193066502336,25516.766726859605,25516.766726859605,-5473.503568007077,-5473.503568007077,-5473.503568007077,-1973.6130309109735,-1973.6130309109735,-1973.6130309109735,-3499.8905370961033,-3499.8905370961033,-3499.8905370961033,0.0,0.0,0.0,20043.26315885253
2010-01-17,25526.521135962,6244.33116140213,25317.48062213902,25526.521135962,25526.521135962,-9255.470607510511,-9255.470607510511,-9255.470607510511,-6138.724013754064,-6138.724013754064,-6138.724013754064,-3116.7465937564493,-3116.7465937564493,-3116.7465937564493,0.0,0.0,0.0,16271.05052845149
2010-01-18,25531.398341322594,14387.895138401344,35338.098523817454,25531.398341322594,25531.398341322594,-585.9023542926936,-585.9023542926936,-585.9023542926936,2487.7358370416982,2487.7358370416982,2487.7358370416982,-3073.6381913343916,-3073.6381913343916,-3073.6381913343916,0.0,0.0,0.0,24945.4959870299
2010-01-19,25536.275546683188,15544.990331947552,35469.84633388265,25536.275546683188,25536.275546683188,-203.81850578431812,-203.81850578431812,-203.81850578431812,2923.8072223713916,2923.8072223713916,2923.8072223713916,-3127.62572815571,-3127.62572815571,-3127.62572815571,0.0,0.0,0.0,25332.45704089887
2010-01-20,25541.15275204378,13222.932107786986,32230.02897641111,25541.15275204378,25541.15275204378,-2417.547548252837,-2417.547548252837,-2417.547548252837,856.1734189228421,856.1734189228421,856.1734189228421,-3273.720967175679,-3273.720967175679,-3273.720967175679,0.0,0.0,0.0,23123.605203790943
2010-01-21,25546.029957404375,17280.176110947003,37249.032382752426,25546.029957404375,25546.029957404375,2030.1232877436016,2030.1232877436016,2030.1232877436016,5534.428271953602,5534.428271953602,5534.428271953602,-3504.304984210001,-3504.304984210001,-3504.304984210001,0.0,0.0,0.0,27576.153245147976
2010-01-22,25550.907162764965,9640.21531725947,29822.718387096516,25550.907162764965,25550.907162764965,-5783.017228317881,-5783.017228317881,-5783.017228317881,-1973.613030900877,-1973.613030900877,-1973.613030900877,-3809.4041974170036,-3809.4041974170036,-3809.4041974170036,0.0,0.0,0.0,19767.889934447085
2010-01-24,25560.661573486155,4662.8760331276535,24843.063112125277,25560.661573486155,25560.661573486155,-10732.279139198772,-10732.279139198772,-10732.279139198772,-6138.724013735212,-6138.724013735212,-6138.724013735212,-4593.55512546356,-4593.55512546356,-4593.55512546356,0.0,0.0,0.0,14828.382434287383
2010-01-25,25565.538778846745,12518.349914885943,33060.817013100284,25565.538778846745,25565.538778846745,-2556.4289643890943,-2556.4289643890943,-2556.4289643890943,2487.735837041219,2487.735837041219,2487.735837041219,-5044.164801430313,-5044.164801430313,-5044.164801430313,0.0,0.0,0.0,23009.10981445765
2010-01-26,25570.41598420734,13052.83587304323,32654.400246141377,25570.41598420734,25570.41598420734,-2589.479988515636,-2589.479988515636,-2589.479988515636,2923.807222374284,2923.807222374284,2923.807222374284,-5513.28721088992,-5513.28721088992,-5513.28721088992,0.0,0.0,0.0,22980.935995691703
2010-01-27,25575.293189363554,10312.104823191965,30404.36458121341,25575.293189363554,25575.293189363554,-5128.899403447965,-5128.899403447965,-5128.899403447965,856.1734189328093,856.1734189328093,856.1734189328093,-5985.072822380774,-5985.072822380774,-5985.072822380774,0.0,0.0,0.0,20446.39378591559
2010-01-28,25580.170394519766,14656.408080155377,34375.64440060055,25580.170394519766,25580.170394519766,-909.4310965457496,-909.4310965457496,-909.4310965457496,5534.428271945997,5534.428271945997,5534.428271945997,-6443.859368491747,-6443.859368491747,-6443.859368491747,0.0,0.0,0.0,24670.739297974018
2010-01-29,25585.04759967598,6540.467147351024,27021.48972077261,25585.04759967598,25585.04759967598,-8848.238697730922,-8848.238697730922,-8848.238697730922,-1973.613030906174,-1973.613030906174,-1973.613030906174,-6874.625666824748,-6874.625666824748,-6874.625666824748,0.0,0.0,0.0,16736.80890194506
2010-01-31,25594.80200998841,1893.6256060980786,21813.464309518255,25594.80200998841,25594.80200998841,-13736.468628952356,-13736.468628952356,-13736.468628952356,-6138.724013740098,-6138.724013740098,-6138.724013740098,-7597.7446152122575,-7597.7446152122575,-7597.7446152122575,0.0,0.0,0.0,11858.333381036053
2010-02-01,25599.67921514462,10493.663863653064,29849.94139484403,25599.67921514462,25599.67921514462,-5379.169261054398,-5379.169261054398,-5379.169261054398,2487.735837040739,2487.735837040739,2487.735837040739,-7866.905098095137,-7866.905098095137,-7866.905098095137,0.0,0.0,0.0,20220.509954090223
2010-02-02,25604.556420300836,11171.09163544771,31337.12144499816,25604.556420300836,25604.556420300836,-5138.4757613248175,-5138.4757613248175,-5138.4757613248175,2923.8072223628833,2923.8072223628833,2923.8072223628833,-8062.282983687702,-8062.282983687702,-8062.282983687702,0.0,0.0,0.0,20466.080658976018
2010-02-03,25609.43362545705,8467.969903514992,27899.100780020566,25609.43362545705,25609.43362545705,-7321.38323826841,-7321.38323826841,-7321.38323826841,856.1734189302256,856.1734189302256,856.1734189302256,-8177.556657198636,-8177.556657198636,-8177.556657198636,0.0,0.0,0.0,18288.05038718864
2010-02-04,25614.3108303715,13704.076422437229,32865.297375496164,25614.3108303715,25614.3108303715,-2674.417386325416,-2674.417386325416,-2674.417386325416,5534.428271957645,5534.428271957645,5534.428271957645,-8208.84565828306,-8208.84565828306,-8208.84565828306,0.0,0.0,0.0,22939.893444046087
2010-02-05,25619.18803528595,5435.78935892883,26611.757545238343,25619.18803528595,25619.18803528595,-10128.394620910829,-10128.394620910829,-10128.394620910829,-1973.6130309114706,-1973.6130309114706,-1973.6130309114706,-8154.781589999359,-8154.781589999359,-8154.781589999359,0.0,0.0,0.0,15490.793414375123
2010-02-07,25628.94244511485,1411.9373826635556,20983.129437986507,25628.94244511485,25628.94244511485,-13936.303715123726,-13936.303715123726,-13936.303715123726,-6138.724013756774,-6138.724013756774,-6138.724013756774,-7797.579701366952,-7797.579701366952,-7797.579701366952,0.0,0.0,0.0,11692.638729991126
2010-02-08,25633.8196500293,11135.455731554268,30489.56781011697,25633.8196500293,25633.8196500293,-5016.120983012699,-5016.120983012699,-5016.120983012699,2487.7358370475513,2487.7358370475513,2487.7358370475513,-7503.856820060249,-7503.856820060249,-7503.856820060249,0.0,0.0,0.0,20617.6986670166
2010-02-09,25638.69685494375,11393.209644523251,31737.966398956352,25638.69685494375,25638.69685494375,-4219.438375737052,-4219.438375737052,-4219.438375737052,2923.8072223657737,2923.8072223657737,2923.8072223657737,-7143.245598102826,-7143.245598102826,-7143.245598102826,0.0,0.0,0.0,21419.2584792067
2010-02-10,25643.574059858205,9405.228506848514,30055.90417186283,25643.574059858205,25643.574059858205,-5869.273075595349,-5869.273075595349,-5869.273075595349,856.1734189422112,856.1734189422112,856.1734189422112,-6725.44649453756,-6725.44649453756,-6725.44649453756,0.0,0.0,0.0,19774.300984262856
2010-02-11,25648.45126477265,14906.356487643456,34922.07985527966,25648.45126477265,25648.45126477265,-727.1981952509877,-727.1981952509877,-727.1981952509877,5534.428271950719,5534.428271950719,5534.428271950719,-6261.626467201707,-6261.626467201707,-6261.626467201707,0.0,0.0,0.0,24921.253069521663
2010-02-12,25653.3284696871,7966.916095844797,28691.912059400664,25653.3284696871,25653.3284696871,-7737.669378804898,-7737.669378804898,-7737.669378804898,-1973.613030916768,-1973.613030916768,-1973.613030916768,-5764.056347888129,-5764.056347888129,-5764.056347888129,0.0,0.0,0.0,17915.659090882204
2010-02-14,25663.08287888869,5136.7051015213165,24811.245246019298,25663.08287888869,25663.08287888869,-10858.632995189806,-10858.632995189806,-10858.632995189806,-6138.724013749789,-6138.724013749789,-6138.724013749789,-4719.908981440017,-4719.908981440017,-4719.908981440017,0.0,0.0,0.0,14804.449883698884
2010-02-15,25667.960083489485,13689.77138949405,33660.93119189781,25667.960083489485,25667.960083489485,-1712.0741916728578,-1712.0741916728578,-1712.0741916728578,2487.735837031069,2487.735837031069,2487.735837031069,-4199.810028703927,-4199.810028703927,-4199.810028703927,0.0,0.0,0.0,23955.885891816626
2010-02-16,25672.83728809028,14369.421478115626,34161.98283908165,25672.83728809028,25672.83728809028,-774.2989763419496,-774.2989763419496,-774.2989763419496,2923.8072223883055,2923.8072223883055,2923.8072223883055,-3698.106198730255,-3698.106198730255,-3698.106198730255,0.0,0.0,0.0,24898.53831174833
2010-02-17,25677.714492691073,13484.852291753567,33357.45568527557,25677.714492691073,25677.714492691073,-2370.421794667189,-2370.421794667189,-2370.421794667189,856.1734189250597,856.1734189250597,856.1734189250597,-3226.5952135922485,-3226.5952135922485,-3226.5952135922485,0.0,0.0,0.0,23307.292698023884
2010-02-18,25682.591697291868,18349.585831946366,38427.77621145089,25682.591697291868,25682.591697291868,2738.5869185575784,2738.5869185575784,2738.5869185575784,5534.428271943113,5534.428271943113,5534.428271943113,-2795.841353385535,-2795.841353385535,-2795.841353385535,0.0,0.0,0.0,28421.178615849447
2010-02-19,25687.468901892662,11342.784940125488,31075.328412023977,25687.468901892662,25687.468901892662,-4388.482447284831,-4388.482447284831,-4388.482447284831,-1973.6130309066705,-1973.6130309066705,-1973.6130309066705,-2414.8694163781606,-2414.8694163781606,-2414.8694163781606,0.0,0.0,0.0,21298.98645460783
2010-02-21,25697.22331109425,8408.845889854441,27413.21969536662,25697.22331109425,25697.22331109425,-7967.926250088575,-7967.926250088575,-7967.926250088575,-6138.724013754675,-6138.724013754675,-6138.724013754675,-1829.2022363338986,-1829.2022363338986,-1829.2022363338986,0.0,0.0,0.0,17729.297061005676
2010-02-22,25702.100515030288,16529.205477077696,36243.24770410419,25702.100515030288,25702.100515030288,854.8731035183259,854.8731035183259,854.8731035183259,2487.735837046592,2487.735837046592,2487.735837046592,-1632.8627335282663,-1632.8627335282663,-1632.8627335282663,0.0,0.0,0.0,26556.973618548614
2010-02-23,25706.97771896633,17024.808007694846,37053.81158423251,25706.97771896633,25706.97771896633,1420.9885826459727,1420.9885826459727,1420.9885826459727,2923.80722239387,2923.80722239387,2923.80722239387,-1502.8186397478974,-1502.8186397478974,-1502.8186397478974,0.0,0.0,0.0,27127.9663016123
2010-02-24,25711.854922902367,14985.922822956656,35391.03786064777,25711.854922902367,25711.854922902367,-581.6383555600321,-581.6383555600321,-581.6383555600321,856.1734189350257,856.1734189350257,856.1734189350257,-1437.8117744950578,-1437.8117744950578,-1437.8117744950578,0.0,0.0,0.0,25130.216567342333
2010-02-25,25716.732126838408,20171.168205350386,39562.24301727488,25716.732126838408,25716.732126838408,4099.95845441714,4099.95845441714,4099.95845441714,5534.428271945475,5534.428271945475,5534.428271945475,-1434.4698175283345,-1434.4698175283345,-1434.4698175283345,0.0,0.0,0.0,29816.69058125555
2010-02-26,25721.609330774445,11487.628575434675,32016.131403499552,25721.609330774445,25721.609330774445,-3461.055957630517,-3461.055957630517,-3461.055957630517,-1973.6130309141324,-1973.6130309141324,-1973.6130309141324,-1487.4429267163844,-1487.4429267163844,-1487.4429267163844,0.0,0.0,0.0,22260.55337314393
2010-02-28,25731.36373864652,8191.5408070610365,28430.489615170696,25731.36373864652,25731.36373864652,-7871.008604992452,-7871.008604992452,-7871.008604992452,-6138.724013735823,-6138.724013735823,-6138.724013735823,-1732.2845912566302,-1732.2845912566302,-1732.2845912566302,0.0,0.0,0.0,17860.35513365407
2010-03-01,25736.240942582557,15969.466473212571,36267.41288950926,25736.240942582557,25736.240942582557,582.1329989409045,582.1329989409045,582.1329989409045,2487.735837053404,2487.735837053404,2487.735837053404,-1905.6028381124995,-1905.6028381124995,-1905.6028381124995,0.0,0.0,0.0,26318.373941523463
2010-03-02,25741.1181465186,16583.290306916948,36727.85504956167,25741.1181465186,25741.1181465186,825.0407112312018,825.0407112312018,825.0407112312018,2923.8072223797953,2923.8072223797953,2923.8072223797953,-2098.7665111485935,-2098.7665111485935,-2098.7665111485935,0.0,0.0,0.0,26566.1588577498
2010-03-03,25745.995349981175,14810.295819194984,33734.57452856346,25745.995349981175,25745.995349981175,-1444.2746913523758,-1444.2746913523758,-1444.2746913523758,856.173418932443,856.173418932443,856.173418932443,-2300.448110284819,-2300.448110284819,-2300.448110284819,0.0,0.0,0.0,24301.720658628798
2010-03-04,25750.872553443747,18776.744130299136,38977.98272666153,25750.872553443747,25750.872553443747,3035.271973442871,3035.271973442871,3035.271973442871,5534.428271938548,5534.428271938548,5534.428271938548,-2499.156298495677,-2499.156298495677,-2499.156298495677,0.0,0.0,0.0,28786.14452688662
2010-03-05,25755.74975690632,11148.526805144054,30252.177069446177,25755.74975690632,25755.74975690632,-4657.226549749951,-4657.226549749951,-4657.226549749951,-1973.6130309040352,-1973.6130309040352,-1973.6130309040352,-2683.6135188459157,-2683.6135188459157,-2683.6135188459157,0.0,0.0,0.0,21098.52320715637
2010-03-07,25765.504163831465,6387.414371984692,26868.632305586572,25765.504163831465,25765.504163831465,-9106.652090851823,-9106.652090851823,-9106.652090851823,-6138.7240137525,-6138.7240137525,-6138.7240137525,-2967.9280770993237,-2967.9280770993237,-2967.9280770993237,0.0,0.0,0.0,16658.852072979644
2010-03-08,25770.38136729404,14768.539119647516,34861.83817003266,25770.38136729404,25770.38136729404,-561.7743786445752,-561.7743786445752,-561.7743786445752,2487.735837052925,2487.735837052925,2487.735837052925,-3049.5102156975004,-3049.5102156975004,-3049.5102156975004,0.0,0.0,0.0,25208.606988649466
2010-03-09,25775.258570756614,16101.47354066201,35832.06218396655,25775.258570756614,25775.258570756614,-157.0802633503735,-157.0802633503735,-157.0802633503735,2923.8072223826866,2923.8072223826866,2923.8072223826866,-3080.88748573306,-3080.88748573306,-3080.88748573306,0.0,0.0,0.0,25618.17830740624
2010-03-10,25780.135774219187,13423.374079140815,33757.796457934935,25780.135774219187,25780.135774219187,-2200.660097489065,-2200.660097489065,-2200.660097489065,856.1734189298598,856.1734189298598,856.1734189298598,-3056.833516418925,-3056.833516418925,-3056.833516418925,0.0,0.0,0.0,23579.475676730122
2010-03-11,25785.012977672424,18281.146828216602,38218.665311497745,25785.012977672424,25785.012977672424,2560.375407139656,2560.375407139656,2560.375407139656,5534.428271950196,5534.428271950196,5534.428271950196,-2974.05286481054,-2974.05286481054,-2974.05286481054,0.0,0.0,0.0,28345.388384812082
2010-03-12,25789.890181125666,10754.350744068397,31029.509678119455,25789.890181125666,25789.890181125666,-4804.906291704431,-4804.906291704431,-4804.906291704431,-1973.613030898268,-1973.613030898268,-1973.613030898268,-2831.293260806163,-2831.293260806163,-2831.293260806163,0.0,0.0,0.0,20984.983889421233
2010-03-14,25799.644588032148,6946.272936303811,27449.601374454545,25799.644588032148,25799.644588032148,-8509.988961229024,-8509.988961229024,-8509.988961229024,-6138.724013745515,-6138.724013745515,-6138.724013745515,-2371.2649474835093,-2371.2649474835093,-2371.2649474835093,0.0,0.0,0.0,17289.655626803124
2010-03-15,25804.521791485386,17009.340214231102,35939.82830677147,25804.521791485386,25804.521791485386,425.92662896553867,425.92662896553867,425.92662896553867,2487.7358370437346,2487.7358370437346,2487.7358370437346,-2061.8092080781958,-2061.8092080781958,-2061.8092080781958,0.0,0.0,0.0,26230.448420450924
2010-03-16,25809.398994938627,16916.657304247994,37386.04546438963,25809.398994938627,25809.398994938627,1216.035883935812,1216.035883935812,1216.035883935812,2923.8072223686113,2923.8072223686113,2923.8072223686113,-1707.7713384327997,-1707.7713384327997,-1707.7713384327997,0.0,0.0,0.0,27025.43487887444
2010-03-17,25814.276198391868,15157.118898973753,34389.021568850454,25814.276198391868,25814.276198391868,-461.36291837755937,-461.36291837755937,-461.36291837755937,856.173418925257,856.173418925257,856.173418925257,-1317.5363373028163,-1317.5363373028163,-1317.5363373028163,0.0,0.0,0.0,25352.91328001431
2010-03-18,25819.15340184511,20658.391036002027,40352.64276462991,25819.15340184511,25819.15340184511,4633.555024300824,4633.555024300824,4633.555024300824,5534.428271942591,5534.428271942591,5534.428271942591,-900.8732476417665,-900.8732476417665,-900.8732476417665,0.0,0.0,0.0,30452.70842614593
2010-03-19,25824.030605298347,13238.579965951167,33711.37277909541,25824.030605298347,25824.030605298347,-2442.2483892482146,-2442.2483892482146,-2442.2483892482146,-1973.6130309014002,-1973.6130309014002,-1973.6130309014002,-468.6353583468144,-468.6353583468144,-468.6353583468144,0.0,0.0,0.0,23381.78221605013
2010-03-21,25833.78501179436,9990.377614730685,29460.45390826911,25833.78501179436,25833.78501179436,-5742.961288021296,-5742.961288021296,-5742.961288021296,-6138.724013738532,-6138.724013738532,-6138.724013738532,395.7627257172371,395.7627257172371,395.7627257172371,0.0,0.0,0.0,20090.823723773065
2010-03-22,25838.662215042365,19369.98424256835,39793.37018390612,25838.662215042365,25838.662215042365,3291.6544854714953,3291.6544854714953,3291.6544854714953,2487.7358370185425,2487.7358370185425,2487.7358370185425,803.9186484529529,803.9186484529529,803.9186484529529,0.0,0.0,0.0,29130.31670051386
2010-03-23,25843.53941829037,20022.88472387647,39839.95518105252,25843.53941829037,25843.53941829037,4104.195941381581,4104.195941381581,4104.195941381581,2923.8072223911427,2923.8072223911427,2923.8072223911427,1180.3887189904383,1180.3887189904383,1180.3887189904383,0.0,0.0,0.0,29947.73535967195
2010-03-24,25848.416621538374,18129.591297395553,37748.715870735105,25848.416621538374,25848.416621538374,2370.4162142298273,2370.4162142298273,2370.4162142298273,856.173418937243,856.173418937243,856.173418937243,1514.2427952925843,1514.2427952925843,1514.2427952925843,0.0,0.0,0.0,28218.8328357682
2010-03-25,25853.29382478638,23473.860564548075,43733.15138602342,25853.29382478638,25853.29382478638,7330.047783845479,7330.047783845479,7330.047783845479,5534.428271944951,5534.428271944951,5534.428271944951,1795.6195119005279,1795.6195119005279,1795.6195119005279,0.0,0.0,0.0,33183.34160863186
2010-03-26,25858.171028034387,15472.903069395983,35900.48007786023,25858.171028034387,25858.171028034387,42.42774991354058,42.42774991354058,42.42774991354058,-1973.6130309045316,-1973.6130309045316,-1973.6130309045316,2016.040780818072,2016.040780818072,2016.040780818072,0.0,0.0,0.0,25900.59877794793
2010-03-28,25867.925434530393,12395.41068305611,31820.73961190755,25867.925434530393,25867.925434530393,-3890.108546641927,-3890.108546641927,-3890.108546641927,-6138.724013743339,-6138.724013743339,-6138.724013743339,2248.615467101412,2248.615467101412,2248.615467101412,0.0,0.0,0.0,21977.816887888464
2010-03-29,25872.80263825506,21011.59149825673,40708.3361034842,25872.80263825506,25872.80263825506,4740.678150511294,4740.678150511294,4740.678150511294,2487.735837034065,2487.735837034065,2487.735837034065,2252.94231347723,2252.94231347723,2252.94231347723,0.0,0.0,0.0,30613.480788766356
2010-03-30,25877.679841979723,21501.90043874171,40551.50175085104,25877.679841979723,25877.679841979723,5104.744482664895,5104.744482664895,5104.744482664895,2923.807222377068,2923.807222377068,2923.807222377068,2180.9372602878266,2180.9372602878266,2180.9372602878266,0.0,0.0,0.0,30982.42432464462
2010-03-31,25882.55704570439,18736.09719921748,38560.0687614605,25882.55704570439,25882.55704570439,2890.246619855848,2890.246619855848,2890.246619855848,856.1734189346604,856.1734189346604,856.1734189346604,2034.0732009211874,2034.0732009211874,2034.0732009211874,0.0,0.0,0.0,28772.803665560237
2010-04-01,25887.434249429054,22562.527437953995,43421.49601195339,25887.434249429054,25887.434249429054,7350.430133089336,7350.430133089336,7350.430133089336,5534.428271946633,5534.428271946633,5534.428271946633,1816.0018611427035,1816.0018611427035,1816.0018611427035,0.0,0.0,0.0,33237.86438251839
2010-04-06,25911.82026805238,18811.890009551567,38285.196275272174,25911.82026805238,25911.82026805238,2845.3641544388634,2845.3641544388634,2845.3641544388634,2923.8072223629933,2923.8072223629933,2923.8072223629933,-78.44306792413002,-78.44306792413002,-78.44306792413002,0.0,0.0,0.0,28757.184422491242
2010-04-07,25916.697471777043,15658.877342284668,36557.68180875267,25916.697471777043,25916.697471777043,312.4106312744382,312.4106312744382,312.4106312744382,856.1734189466464,856.1734189466464,856.1734189466464,-543.7627876722082,-543.7627876722082,-543.7627876722082,0.0,0.0,0.0,26229.10810305148
2010-04-08,25921.57467550171,20495.686851649756,40230.60104237322,25921.57467550171,25921.57467550171,4525.9894784921735,4525.9894784921735,4525.9894784921735,5534.428271948314,5534.428271948314,5534.428271948314,-1008.438793456141,-1008.438793456141,-1008.438793456141,0.0,0.0,0.0,30447.564153993884
2010-04-09,25926.451879226377,12586.451032907991,33187.041096902416,25926.451879226377,25926.451879226377,-3432.7459733477567,-3432.7459733477567,-3432.7459733477567,-1973.6130309018965,-1973.6130309018965,-1973.6130309018965,-1459.1329424458602,-1459.1329424458602,-1459.1329424458602,0.0,0.0,0.0,22493.70590587862
2010-04-11,25936.20628645872,7388.5358429349635,27529.176285427562,25936.20628645872,25936.20628645872,-8405.985146661653,-8405.985146661653,-8405.985146661653,-6138.72401374124,-6138.72401374124,-6138.72401374124,-2267.2611329204124,-2267.2611329204124,-2267.2611329204124,0.0,0.0,0.0,17530.221139797068
2010-04-12,25941.083490074892,16111.870017931768,35732.30918786021,25941.083490074892,25941.083490074892,-113.44268031216873,-113.44268031216873,-113.44268031216873,2487.7358370491083,2487.7358370491083,2487.7358370491083,-2601.178517361277,-2601.178517361277,-2601.178517361277,0.0,0.0,0.0,25827.640809762725
2010-04-13,25945.96069369106,16166.374251479838,35597.579747548065,25945.96069369106,25945.96069369106,49.03452628263357,49.03452628263357,49.03452628263357,2923.8072223855243,2923.8072223855243,2923.8072223855243,-2874.7726961028907,-2874.7726961028907,-2874.7726961028907,0.0,0.0,0.0,25994.995219973694
2010-04-14,25950.837897307232,13961.230998867508,33353.534971071436,25950.837897307232,25950.837897307232,-2223.747083808986,-2223.747083808986,-2223.747083808986,856.1734189274749,856.1734189274749,856.1734189274749,-3079.9205027364605,-3079.9205027364605,-3079.9205027364605,0.0,0.0,0.0,23727.090813498246
2010-04-15,25955.715100923404,18381.087308074533,38228.35339072832,25955.715100923404,25955.715100923404,2323.991974368982,2323.991974368982,2323.991974368982,5534.428271950675,5534.428271950675,5534.428271950675,-3210.4362975816925,-3210.4362975816925,-3210.4362975816925,0.0,0.0,0.0,28279.707075292386
2010-04-16,25960.592304539576,11344.038724588856,30851.186958520557,25960.592304539576,25960.592304539576,-5235.871840558441,-5235.871840558441,-5235.871840558441,-1973.6130309071937,-1973.6130309071937,-1973.6130309071937,-3262.2588096512477,-3262.2588096512477,-3262.2588096512477,0.0,0.0,0.0,20724.720463981135
2010-04-18,25970.346711771912,7122.174963782508,27392.381386851113,25970.346711771912,25970.346711771912,-9263.612580865647,-9263.612580865647,-9263.612580865647,-6138.724013757837,-6138.724013757837,-6138.724013757837,-3124.8885671078087,-3124.8885671078087,-3124.8885671078087,0.0,0.0,0.0,16706.734130906265
2010-04-19,25975.22391541336,15520.340365474083,35546.16572994994,25975.22391541336,25975.22391541336,-451.26117303355096,-451.26117303355096,-451.26117303355096,2487.735837039918,2487.735837039918,2487.735837039918,-2938.997010073469,-2938.997010073469,-2938.997010073469,0.0,0.0,0.0,25523.96274237981
2010-04-20,25980.101119054805,16336.141083677907,37200.33847831786,25980.101119054805,25980.101119054805,242.8728320402678,242.8728320402678,242.8728320402678,2923.80722237145,2923.80722237145,2923.80722237145,-2680.934390331182,-2680.934390331182,-2680.934390331182,0.0,0.0,0.0,26222.97395109507
2010-04-21,25984.978322696254,14550.498508312563,34890.71456963619,25984.978322696254,25984.978322696254,-1501.6514226323527,-1501.6514226323527,-1501.6514226323527,856.1734189394604,856.1734189394604,856.1734189394604,-2357.824841571813,-2357.824841571813,-2357.824841571813,0.0,0.0,0.0,24483.3269000639
2010-04-22,25989.8555263377,20337.55952543194,39697.3354012529,25989.8555263377,25989.8555263377,3555.7432352601018,3555.7432352601018,3555.7432352601018,5534.428271953036,5534.428271953036,5534.428271953036,-1978.6850366929339,-1978.6850366929339,-1978.6850366929339,0.0,0.0,0.0,29545.5987615978
2010-04-23,25994.732729979143,12479.887610887163,32456.383039763776,25994.732729979143,25994.732729979143,-3527.783017162575,-3527.783017162575,-3527.783017162575,-1973.6130309103253,-1973.6130309103253,-1973.6130309103253,-1554.1699862522496,-1554.1699862522496,-1554.1699862522496,0.0,0.0,0.0,22466.949712816568
2010-04-25,26004.487137262036,8931.766031035419,28989.610158351737,26004.487137262036,26004.487137262036,-6756.70000715176,-6756.70000715176,-6756.70000715176,-6138.724013738985,-6138.724013738985,-6138.724013738985,-617.9759934127738,-617.9759934127738,-617.9759934127738,0.0,0.0,0.0,19247.78713011028
2010-04-26,26009.36434090348,18673.679736207396,37885.08737206606,26009.36434090348,26009.36434090348,2354.8379079431434,2354.8379079431434,2354.8379079431434,2487.7358370394386,2487.7358370394386,2487.7358370394386,-132.8979290962951,-132.8979290962951,-132.8979290962951,0.0,0.0,0.0,28364.202248846625
2010-04-27,26014.241544544926,19506.306348026286,38728.51052026276,26014.241544544926,26014.241544544926,3268.9181331259215,3268.9181331259215,3268.9181331259215,2923.80722237434,2923.80722237434,2923.80722237434,345.11091075158123,345.11091075158123,345.11091075158123,0.0,0.0,0.0,29283.159677670847
2010-04-28,26019.11874754936,17842.146928862017,37494.530930105044,26019.11874754936,26019.11874754936,1658.5278448624251,1658.5278448624251,1658.5278448624251,856.1734189202882,856.1734189202882,856.1734189202882,802.3544259421368,802.3544259421368,802.3544259421368,0.0,0.0,0.0,27677.646592411787
2010-04-29,26023.9959505538,23334.44397260113,43506.636222225425,26023.9959505538,26023.9959505538,6760.1105978278065,6760.1105978278065,6760.1105978278065,5534.42827194543,5534.42827194543,5534.42827194543,1225.6823258823767,1225.6823258823767,1225.6823258823767,0.0,0.0,0.0,32784.106548381606
2010-04-30,26028.873153558234,15990.6797068706,36018.64363251401,26028.873153558234,26028.873153558234,-370.74911722615855,-370.74911722615855,-370.74911722615855,-1973.6130309023936,-1973.6130309023936,-1973.6130309023936,1602.8639136762351,1602.8639136762351,1602.8639136762351,0.0,0.0,0.0,25658.124036332076
2010-05-02,26038.627559567107,12338.495747111212,31550.443993662982,26038.627559567107,26038.627559567107,-3962.216416805305,-3962.216416805305,-3962.216416805305,-6138.72401374387,-6138.72401374387,-6138.72401374387,2176.507596938565,2176.507596938565,2176.507596938565,0.0,0.0,0.0,22076.4111427618
2010-05-04,26048.381965575976,21323.601074952014,41238.264688945,26048.381965575976,26048.381965575976,5379.8253581759345,5379.8253581759345,5379.8253581759345,2923.8072223602658,2923.8072223602658,2923.8072223602658,2456.0181358156688,2456.0181358156688,2456.0181358156688,0.0,0.0,0.0,31428.20732375191
2010-05-05,26053.259168580415,19175.714794736246,39335.187961258795,26053.259168580415,26053.259168580415,3329.3372888710655,3329.3372888710655,3329.3372888710655,856.1734189302547,856.1734189302547,856.1734189302547,2473.163869940811,2473.163869940811,2473.163869940811,0.0,0.0,0.0,29382.59645745148
2010-05-06,26058.13637158485,23912.180584623777,43214.06685791419,26058.13637158485,26058.13637158485,7940.892925925582,7940.892925925582,7940.892925925582,5534.428271957078,5534.428271957078,5534.428271957078,2406.464653968505,2406.464653968505,2406.464653968505,0.0,0.0,0.0,33999.02929751043
2010-05-07,26063.013574807504,16418.635518122675,35823.498910613824,26063.013574807504,26063.013574807504,283.6098880247899,283.6098880247899,283.6098880247899,-1973.61303090769,-1973.61303090769,-1973.61303090769,2257.22291893248,2257.22291893248,2257.22291893248,0.0,0.0,0.0,26346.623462832293
2010-05-09,26072.767981252815,11857.92109570031,32577.04251546275,26072.767981252815,26072.767981252815,-4411.196751068255,-4411.196751068255,-4411.196751068255,-6138.724013736887,-6138.724013736887,-6138.724013736887,1727.5272626686312,1727.5272626686312,1727.5272626686312,0.0,0.0,0.0,21661.57123018456
2010-05-10,26077.64518447547,19481.503849855882,40595.21739967862,26077.64518447547,26077.64518447547,3848.224832834383,3848.224832834383,3848.224832834383,2487.735837045771,2487.735837045771,2487.735837045771,1360.4889957886126,1360.4889957886126,1360.4889957886126,0.0,0.0,0.0,29925.870017309855
2010-05-11,26082.522387698125,19833.86372573487,39909.38278567522,26082.522387698125,26082.522387698125,3861.144758443202,3861.144758443202,3861.144758443202,2923.8072223658305,2923.8072223658305,2923.8072223658305,937.3375360773716,937.3375360773716,937.3375360773716,0.0,0.0,0.0,29943.667146141328
2010-05-12,26087.39959092078,17576.22484819496,36875.75782226807,26087.39959092078,26087.39959092078,1325.1656943501232,1325.1656943501232,1325.1656943501232,856.1734189422403,856.1734189422403,856.1734189422403,468.99227540788297,468.99227540788297,468.99227540788297,0.0,0.0,0.0,27412.565285270903
2010-05-13,26092.276794143436,20980.773955189576,41410.7313352238,26092.276794143436,26092.276794143436,5501.952279378838,5501.952279378838,5501.952279378838,5534.428271950152,5534.428271950152,5534.428271950152,-32.47599257131362,-32.47599257131362,-32.47599257131362,0.0,0.0,0.0,31594.229073522274
2010-05-14,26097.15399736609,13331.648166968494,33249.79732896056,26097.15399736609,26097.15399736609,-2527.809955000988,-2527.809955000988,-2527.809955000988,-1973.6130309129871,-1973.6130309129871,-1973.6130309129871,-554.1969240880006,-554.1969240880006,-554.1969240880006,0.0,0.0,0.0,23569.344042365105
2010-05-16,26106.9084038114,7584.723826981699,28762.894900080435,26106.9084038114,26106.9084038114,-7743.891212464063,-7743.891212464063,-7743.891212464063,-6138.724013753563,-6138.724013753563,-6138.724013753563,-1605.167198710499,-1605.167198710499,-1605.167198710499,0.0,0.0,0.0,18363.01719134734
2010-05-17,26111.78560725649,16509.743493424598,36756.43950601543,26111.78560725649,26111.78560725649,379.658500122197,379.658500122197,379.658500122197,2487.7358370292895,2487.7358370292895,2487.7358370292895,-2108.077336907092,-2108.077336907092,-2108.077336907092,0.0,0.0,0.0,26491.444107378687
2010-05-18,26116.66281070158,16035.877927892225,36397.67264775617,26116.66281070158,26116.66281070158,344.49243444659237,344.49243444659237,344.49243444659237,2923.807222368722,2923.807222368722,2923.807222368722,-2579.3147879221297,-2579.3147879221297,-2579.3147879221297,0.0,0.0,0.0,26461.15524514817
2010-05-19,26121.540014146663,13624.106655564028,33862.576354446406,26121.540014146663,26121.540014146663,-2151.474423428281,-2151.474423428281,-2151.474423428281,856.1734189250889,856.1734189250889,856.1734189250889,-3007.64784235337,-3007.64784235337,-3007.64784235337,0.0,0.0,0.0,23970.065590718383
2010-05-20,26126.417217591752,18207.339721131975,38124.7968259654,26126.417217591752,26126.417217591752,2151.211305504236,2151.211305504236,2151.211305504236,5534.428271952512,5534.428271952512,5534.428271952512,-3383.2169664482763,-3383.2169664482763,-3383.2169664482763,0.0,0.0,0.0,28277.628523095987
2010-05-21,26131.29442103684,9806.825590422903,29494.15904307571,26131.29442103684,26131.29442103684,-5671.420121332945,-5671.420121332945,-5671.420121332945,-1973.61303090289,-1973.61303090289,-1973.61303090289,-3697.8070904300553,-3697.8070904300553,-3697.8070904300553,0.0,0.0,0.0,20459.874299703893
2010-05-23,26141.048827927014,5423.924158756244,25941.618509750733,26141.048827927014,26141.048827927014,-10259.41419597444,-10259.41419597444,-10259.41419597444,-6138.7240137584495,-6138.7240137584495,-6138.7240137584495,-4120.690182215991,-4120.690182215991,-4120.690182215991,0.0,0.0,0.0,15881.634631952575
2010-05-24,26145.9260313721,13772.413749890347,33731.12290071906,26145.9260313721,26145.9260313721,-1734.7547416188163,-1734.7547416188163,-1734.7547416188163,2487.735837044812,2487.735837044812,2487.735837044812,-4222.490578663628,-4222.490578663628,-4222.490578663628,0.0,0.0,0.0,24411.17128975328
2010-05-25,26150.803234718212,14944.36043017543,35181.96030232433,26150.803234718212,26150.803234718212,-1326.66647437055,-1326.66647437055,-1326.66647437055,2923.8072223716126,2923.8072223716126,2923.8072223716126,-4250.473696742163,-4250.473696742163,-4250.473696742163,0.0,0.0,0.0,24824.13676034766
2010-05-26,26155.680438064323,13011.341662219533,32615.91560033436,26155.680438064323,26155.680438064323,-3350.625538962247,-3350.625538962247,-3350.625538962247,856.1734189350548,856.1734189350548,856.1734189350548,-4206.798957897302,-4206.798957897302,-4206.798957897302,0.0,0.0,0.0,22805.054899102077
2010-05-27,26160.557641410436,17268.231372469054,37269.38026140371,26160.557641410436,26160.557641410436,1438.7320150666028,1438.7320150666028,1438.7320150666028,5534.4282719449075,5534.4282719449075,5534.4282719449075,-4095.696256878304,-4095.696256878304,-4095.696256878304,0.0,0.0,0.0,27599.289656477038
2010-05-28,26165.434844756546,10771.930621503605,30564.21566994959,26165.434844756546,26165.434844756546,-5896.932030842798,-5896.932030842798,-5896.932030842798,-1973.6130309103526,-1973.6130309103526,-1973.6130309103526,-3923.318999932445,-3923.318999932445,-3923.318999932445,0.0,0.0,0.0,20268.50281391375
2010-05-30,26175.18925144877,7008.269072201423,26344.41562572869,26175.18925144877,26175.18925144877,-9566.42951877771,-9566.42951877771,-9566.42951877771,-6138.724013739597,-6138.724013739597,-6138.724013739597,-3427.705505038113,-3427.705505038113,-3427.705505038113,0.0,0.0,0.0,16608.75973267106
2010-06-01,26184.94365814099,15600.080621036514,37131.66053372969,26184.94365814099,26184.94365814099,125.03320937730214,125.03320937730214,125.03320937730214,2923.8072223798513,2923.8072223798513,2923.8072223798513,-2798.7740130025495,-2798.7740130025495,-2798.7740130025495,0.0,0.0,0.0,26309.976867518293
2010-06-02,26189.8208614871,15066.134045736286,34623.276410479455,26189.8208614871,26189.8208614871,-1606.7310698809379,-1606.7310698809379,-1606.7310698809379,856.173418932472,856.173418932472,856.173418932472,-2462.90448881341,-2462.90448881341,-2462.90448881341,0.0,0.0,0.0,24583.089791606162
2010-06-03,26194.69806483321,19162.490612028316,39804.55717047304,26194.69806483321,26194.69806483321,3405.7102772010444,3405.7102772010444,3405.7102772010444,5534.428271937981,5534.428271937981,5534.428271937981,-2128.7179947369364,-2128.7179947369364,-2128.7179947369364,0.0,0.0,0.0,29600.408342034254
2010-06-04,26199.575268124696,12499.864355034604,31899.410123149235,26199.575268124696,26199.575268124696,-3781.5988674294704,-3781.5988674294704,-3781.5988674294704,-1973.6130309134837,-1973.6130309134837,-1973.6130309134837,-1807.9858365159864,-1807.9858365159864,-1807.9858365159864,0.0,0.0,0.0,22417.976400695225
2010-06-06,26209.32967470767,8533.39776131834,29067.729242415196,26209.32967470767,26209.32967470767,-7389.45884878156,-7389.45884878156,-7389.45884878156,-6138.724013756271,-6138.724013756271,-6138.724013756271,-1250.7348350252885,-1250.7348350252885,-1250.7348350252885,0.0,0.0,0.0,18819.87082592611
2010-06-07,26214.206877999157,17690.369865219214,37138.93336702007,26214.206877999157,26214.206877999157,1454.181887264927,1454.181887264927,1454.181887264927,2487.735837051145,2487.735837051145,2487.735837051145,-1033.5539497862183,-1033.5539497862183,-1033.5539497862183,0.0,0.0,0.0,27668.388765264084
2010-06-08,26219.084081290643,19003.66660591952,39079.49635045941,26219.084081290643,26219.084081290643,2055.871261217383,2055.871261217383,2055.871261217383,2923.8072223827426,2923.8072223827426,2923.8072223827426,-867.9359611653597,-867.9359611653597,-867.9359611653597,0.0,0.0,0.0,28274.955342508027
2010-06-09,26223.96128458213,16609.64133932102,36484.44072524457,26223.96128458213,26223.96128458213,96.41124818085225,96.41124818085225,96.41124818085225,856.1734189298892,856.1734189298892,856.1734189298892,-759.7621707490368,-759.7621707490368,-759.7621707490368,0.0,0.0,0.0,26320.37253276298
2010-06-10,26228.838487873614,21254.671745610514,40898.45417339769,26228.838487873614,26228.838487873614,4821.376985574718,4821.376985574718,4821.376985574718,5534.428271949629,5534.428271949629,5534.428271949629,-713.0512863749112,-713.0512863749112,-713.0512863749112,0.0,0.0,0.0,31050.215473448334
2010-06-11,26233.7156911651,13174.858372478191,33464.28465959541,26233.7156911651,26233.7156911651,-2703.465967752838,-2703.465967752838,-2703.465967752838,-1973.6130308944878,-1973.6130308944878,-1973.6130308944878,-729.8529368583504,-729.8529368583504,-729.8529368583504,0.0,0.0,0.0,23530.249723412264
2010-06-13,26243.470097891997,9030.737444649993,29155.94420733333,26243.470097891997,26243.470097891997,-7090.858077755671,-7090.858077755671,-7090.858077755671,-6138.724013749288,-6138.724013749288,-6138.724013749288,-952.1340640063821,-952.1340640063821,-952.1340640063821,0.0,0.0,0.0,19152.612020136326
2010-06-14,26248.347301255446,17229.64358513361,38289.087888105816,26248.347301255446,26248.347301255446,1335.9723459458387,1335.9723459458387,1335.9723459458387,2487.7358370666675,2487.7358370666675,2487.7358370666675,-1151.7634911208286,-1151.7634911208286,-1151.7634911208286,0.0,0.0,0.0,27584.319647201286
2010-06-15,26253.224504618895,19030.013849983614,37814.71494763448,26253.224504618895,26253.224504618895,1520.389557062235,1520.389557062235,1520.389557062235,2923.807222368667,2923.807222368667,2923.807222368667,-1403.4176653064321,-1403.4176653064321,-1403.4176653064321,0.0,0.0,0.0,27773.614061681128
2010-06-16,26258.101707982343,15318.34033437153,35149.77889007471,26258.101707982343,26258.101707982343,-843.6533818671579,-843.6533818671579,-843.6533818671579,856.1734189273054,856.1734189273054,856.1734189273054,-1699.8268007944632,-1699.8268007944632,-1699.8268007944632,0.0,0.0,0.0,25414.448326115184
2010-06-17,26262.978911345792,19987.288018787858,39459.45804365478,26262.978911345792,26262.978911345792,3502.0672483702688,3502.0672483702688,3502.0672483702688,5534.428271942023,5534.428271942023,5534.428271942023,-2032.3610235717542,-2032.3610235717542,-2032.3610235717542,0.0,0.0,0.0,29765.04615971606
2010-06-18,26267.85611470924,11710.006760885588,31255.28256078208,26267.85611470924,26267.85611470924,-4364.921055088872,-4364.921055088872,-4364.921055088872,-1973.6130308976199,-1973.6130308976199,-1973.6130308976199,-2391.3080241912526,-2391.3080241912526,-2391.3080241912526,0.0,0.0,0.0,21902.93505962037
2010-06-20,26277.61052143614,6712.576819898758,27040.41444217851,26277.61052143614,26277.61052143614,-9284.781871904466,-9284.781871904466,-9284.781871904466,-6138.724013742305,-6138.724013742305,-6138.724013742305,-3146.0578581621608,-3146.0578581621608,-3146.0578581621608,0.0,0.0,0.0,16992.828649531675
2010-06-21,26282.48772479959,15506.034298093204,35153.85630794923,26282.48772479959,26282.48772479959,-1032.1738640808665,-1032.1738640808665,-1032.1738640808665,2487.7358370501856,2487.7358370501856,2487.7358370501856,-3519.9097011310523,-3519.9097011310523,-3519.9097011310523,0.0,0.0,0.0,25250.313860718725
2010-06-22,26287.364927496226,14954.458621570786,35609.025738515855,26287.364927496226,26287.364927496226,-953.1536624308355,-953.1536624308355,-953.1536624308355,2923.8072223911986,2923.8072223911986,2923.8072223911986,-3876.9608848220337,-3876.9608848220337,-3876.9608848220337,0.0,0.0,0.0,25334.21126506539
2010-06-23,26292.242130192866,12690.733998343072,33437.84880472725,26292.242130192866,26292.242130192866,-3350.843752590698,-3350.843752590698,-3350.843752590698,856.1734189372721,856.1734189372721,856.1734189372721,-4207.01717152797,-4207.01717152797,-4207.01717152797,0.0,0.0,0.0,22941.398377602167
2010-06-24,26297.119332889502,17755.504811508992,37706.65738758631,26297.119332889502,26297.119332889502,1033.6448596157495,1033.6448596157495,1033.6448596157495,5534.428271944384,5534.428271944384,5534.428271944384,-4500.783412328635,-4500.783412328635,-4500.783412328635,0.0,0.0,0.0,27330.764192505252
2010-06-25,26301.996535586142,8777.697098690109,29232.306462281333,26301.996535586142,26301.996535586142,-6723.763543897402,-6723.763543897402,-6723.763543897402,-1973.6130309029165,-1973.6130309029165,-1973.6130309029165,-4750.150512994485,-4750.150512994485,-4750.150512994485,0.0,0.0,0.0,19578.23299168874
2010-06-27,26311.75094097942,4904.07850905393,25494.192032187788,26311.75094097942,26311.75094097942,-11229.35368966235,-11229.35368966235,-11229.35368966235,-6138.724013735322,-6138.724013735322,-6138.724013735322,-5090.629675927027,-5090.629675927027,-5090.629675927027,0.0,0.0,0.0,15082.397251317068
2010-06-28,26316.62814367605,13457.05626024551,34088.78846909662,26316.62814367605,26316.62814367605,-2685.7251622756535,-2685.7251622756535,-2685.7251622756535,2487.7358370162824,2487.7358370162824,2487.7358370162824,-5173.460999291937,-5173.460999291937,-5173.460999291937,0.0,0.0,0.0,23630.9029814004
2010-06-29,26321.505346372694,13544.613852352137,34714.57606071942,26321.505346372694,26321.505346372694,-2271.771723071398,-2271.771723071398,-2271.771723071398,2923.8072223771237,2923.8072223771237,2923.8072223771237,-5195.578945448521,-5195.578945448521,-5195.578945448521,0.0,0.0,0.0,24049.733623301297
2010-06-30,26326.382549177124,11918.49549806965,32580.96095781991,26326.382549177124,26326.382549177124,-4301.372761677404,-4301.372761677404,-4301.372761677404,856.1734189346894,856.1734189346894,856.1734189346894,-5157.546180612094,-5157.546180612094,-5157.546180612094,0.0,0.0,0.0,22025.00978749972
2010-07-01,26331.259751981554,17429.25049924699,36926.462755495464,26331.259751981554,26331.259751981554,472.6045461130086,472.6045461130086,472.6045461130086,5534.428271946745,5534.428271946745,5534.428271946745,-5061.823725833736,-5061.823725833736,-5061.823725833736,0.0,0.0,0.0,26803.864298094562
2010-07-02,26336.136954785987,9653.717707184864,29050.627360705803,26336.136954785987,26336.136954785987,-6886.3009040588795,-6886.3009040588795,-6886.3009040588795,-1973.6130309082141,-1973.6130309082141,-1973.6130309082141,-4912.687873150665,-4912.687873150665,-4912.687873150665,0.0,0.0,0.0,19449.836050727106
2010-07-04,26345.89136039485,5146.610602205008,26111.365929572028,26345.89136039485,26345.89136039485,-10618.190783287002,-10618.190783287002,-10618.190783287002,-6138.7240137519975,-6138.7240137519975,-6138.7240137519975,-4479.466769535004,-4479.466769535004,-4479.466769535004,0.0,0.0,0.0,15727.700577107847
2010-07-05,26350.768563199283,13873.998597868467,34900.64434227246,26350.768563199283,26350.768563199283,-1723.7615891755909,-1723.7615891755909,-1723.7615891755909,2487.735837031805,2487.735837031805,2487.735837031805,-4211.4974262073965,-4211.4974262073965,-4211.4974262073965,0.0,0.0,0.0,24627.00697402369
2010-07-06,26355.645766003712,15131.616451227057,34720.65121463333,26355.645766003712,26355.645766003712,-998.0238667361205,-998.0238667361205,-998.0238667361205,2923.8072223800145,2923.8072223800145,2923.8072223800145,-3921.8310891161354,-3921.8310891161354,-3921.8310891161354,0.0,0.0,0.0,25357.621899267593
2010-07-07,26360.522968808145,12933.147234526428,33329.71472257325,26360.522968808145,26360.522968808145,-2764.6037613378953,-2764.6037613378953,-2764.6037613378953,856.1734189466747,856.1734189466747,856.1734189466747,-3620.77718028457,-3620.77718028457,-3620.77718028457,0.0,0.0,0.0,23595.91920747025
2010-07-08,26365.40017161258,18267.64726248292,38536.20784386105,26365.40017161258,26365.40017161258,2215.4504434806386,2215.4504434806386,2215.4504434806386,5534.428271949106,5534.428271949106,5534.428271949106,-3318.9778284684667,-3318.9778284684667,-3318.9778284684667,0.0,0.0,0.0,28580.850615093215
2010-07-09,26370.277374289064,11642.10688674111,31592.037931743413,26370.277374289064,26370.277374289064,-5000.682377293981,-5000.682377293981,-5000.682377293981,-1973.613030900282,-1973.613030900282,-1973.613030900282,-3027.0693463936987,-3027.0693463936987,-3027.0693463936987,0.0,0.0,0.0,21369.59499699508
2010-07-11,26380.031779642042,7457.846226169406,27692.472140215137,26380.031779642042,26380.031779642042,-8652.144856253217,-8652.144856253217,-8652.144856253217,-6138.724013745014,-6138.724013745014,-6138.724013745014,-2513.420842508204,-2513.420842508204,-2513.420842508204,0.0,0.0,0.0,17727.886923388825
2010-07-12,26384.908982318535,16408.766201117396,36558.71614886601,26384.908982318535,26384.908982318535,177.79472125712778,177.79472125712778,177.79472125712778,2487.7358370473275,2487.7358370473275,2487.7358370473275,-2309.9411157902,-2309.9411157902,-2309.9411157902,0.0,0.0,0.0,26562.703703575662
2010-07-13,26389.786184995024,16706.147691417238,37063.41589877185,26389.786184995024,26389.786184995024,771.5182142780056,771.5182142780056,771.5182142780056,2923.8072223829063,2923.8072223829063,2923.8072223829063,-2152.289008104901,-2152.289008104901,-2152.289008104901,0.0,0.0,0.0,27161.30439927303
2010-07-14,26394.663387671513,15123.229127229695,34721.19463961522,26394.663387671513,26394.663387671513,-1190.181824897839,-1190.181824897839,-1190.181824897839,856.1734189275035,856.1734189275035,856.1734189275035,-2046.3552438253425,-2046.3552438253425,-2046.3552438253425,0.0,0.0,0.0,25204.481562773675
2010-07-15,26399.540590348002,19544.854735179964,39448.82066254112,26399.540590348002,26399.540590348002,3538.082566505874,3538.082566505874,3538.082566505874,5534.428271950107,5534.428271950107,5534.428271950107,-1996.3457054442338,-1996.3457054442338,-1996.3457054442338,0.0,0.0,0.0,29937.623156853875
2010-07-16,26404.41779302449,12413.389360178904,31810.415994102474,26404.41779302449,26404.41779302449,-3978.2559420940947,-3978.2559420940947,-3978.2559420940947,-1973.6130309034138,-1973.6130309034138,-1973.6130309034138,-2004.642911190681,-2004.642911190681,-2004.642911190681,0.0,0.0,0.0,22426.161850930395
2010-07-18,26414.172195841467,7765.733467028075,27420.736050124648,26414.172195841467,26414.172195841467,-8334.865793456927,-8334.865793456927,-8334.865793456927,-6138.7240137499,-6138.7240137499,-6138.7240137499,-2196.1417797070267,-2196.1417797070267,-2196.1417797070267,0.0,0.0,0.0,18079.30640238454
2010-07-19,26419.04939724995,16831.23654960376,36653.18833308632,26419.04939724995,26419.04939724995,113.17768540508659,113.17768540508659,113.17768540508659,2487.735837038138,2487.735837038138,2487.735837038138,-2374.5581516330517,-2374.5581516330517,-2374.5581516330517,0.0,0.0,0.0,26532.227082655038
2010-07-20,26423.92659865844,16831.258742620546,36804.08279937212,26423.92659865844,26423.92659865844,321.95905353316647,321.95905353316647,321.95905353316647,2923.8072223884706,2923.8072223884706,2923.8072223884706,-2601.8481688553043,-2601.8481688553043,-2601.8481688553043,0.0,0.0,0.0,26745.885652191606
2010-07-21,26428.803800066926,14277.639874575338,34697.547123259516,26428.803800066926,26428.803800066926,-2015.0792077861781,-2015.0792077861781,-2015.0792077861781,856.1734189394891,856.1734189394891,856.1734189394891,-2871.252626725667,-2871.252626725667,-2871.252626725667,0.0,0.0,0.0,24413.72459228075
2010-07-22,26433.681001475412,19665.991421557203,39200.8428186933,26433.681001475412,26433.681001475412,2359.8421375461658,2359.8421375461658,2359.8421375461658,5534.428271952468,5534.428271952468,5534.428271952468,-3174.5861344063023,-3174.5861344063023,-3174.5861344063023,0.0,0.0,0.0,28793.523139021578
2010-07-23,26438.558202883898,10179.599004856582,30830.082365819366,26438.558202883898,26438.558202883898,-5476.103613446989,-5476.103613446989,-5476.103613446989,-1973.6130309065454,-1973.6130309065454,-1973.6130309065454,-3502.4905825404426,-3502.4905825404426,-3502.4905825404426,0.0,0.0,0.0,20962.454589436908
2010-07-25,26448.312605700874,6304.7187170391835,25939.45117345633,26448.312605700874,26448.312605700874,-10329.22009231279,-10329.22009231279,-10329.22009231279,-6138.724013742758,-6138.724013742758,-6138.724013742758,-4190.4960785700305,-4190.4960785700305,-4190.4960785700305,0.0,0.0,0.0,16119.092513388085
2010-07-26,26453.189807109356,13766.926333566855,34401.4332681027,26453.189807109356,26453.189807109356,-2041.0441854374074,-2041.0441854374074,-2041.0441854374074,2487.7358370376587,2487.7358370376587,2487.7358370376587,-4528.780022475065,-4528.780022475065,-4528.780022475065,0.0,0.0,0.0,24412.14562167195
2010-07-27,26458.067009062546,13804.680121154657,34656.77279389545,26458.067009062546,26458.067009062546,-1924.8838559493192,-1924.8838559493192,-1924.8838559493192,2923.8072223743966,2923.8072223743966,2923.8072223743966,-4848.691078323715,-4848.691078323715,-4848.691078323715,0.0,0.0,0.0,24533.183153113227
2010-07-28,26462.944211015736,12887.146498628788,32518.6600328097,26462.944211015736,26462.944211015736,-4283.646661168126,-4283.646661168126,-4283.646661168126,856.1734189369059,856.1734189369059,856.1734189369059,-5139.8200801050325,-5139.8200801050325,-5139.8200801050325,0.0,0.0,0.0,22179.297549847608
2010-07-29,26467.82141296893,16074.234506492907,35867.55482665753,26467.82141296893,26467.82141296893,141.85658397449077,141.85658397449077,141.85658397449077,5534.428271945541,5534.428271945541,5534.428271945541,-5392.571687971051,-5392.571687971051,-5392.571687971051,0.0,0.0,0.0,26609.67799694342
2010-07-30,26472.698614922123,9085.45672328417,28978.12831610347,26472.698614922123,26472.698614922123,-7572.0896797582445,-7572.0896797582445,-7572.0896797582445,-1973.6130308986133,-1973.6130308986133,-1973.6130308986133,-5598.476648859631,-5598.476648859631,-5598.476648859631,0.0,0.0,0.0,18900.60893516388
2010-08-01,26482.453018828503,4836.541763920531,24458.716675075728,26482.453018828503,26482.453018828503,-11981.858037639404,-11981.858037639404,-11981.858037639404,-6138.724013747644,-6138.724013747644,-6138.724013747644,-5843.134023891759,-5843.134023891759,-5843.134023891759,0.0,0.0,0.0,14500.594981189099
2010-08-02,26487.330220781692,13035.717454078549,33340.381966891626,26487.330220781692,26487.330220781692,-3385.1392797266326,-3385.1392797266326,-3385.1392797266326,2487.735837037179,2487.735837037179,2487.735837037179,-5872.875116763812,-5872.875116763812,-5872.875116763812,0.0,0.0,0.0,23102.190941055058
2010-08-03,26492.207422734882,13087.018825348923,32907.752221215414,26492.207422734882,26492.207422734882,-2914.2597162962484,-2914.2597162962484,-2914.2597162962484,2923.8072223603217,2923.8072223603217,2923.8072223603217,-5838.0669386565705,-5838.0669386565705,-5838.0669386565705,0.0,0.0,0.0,23577.947706438634
2010-08-04,26497.084624688076,11587.54377762107,32782.98350669362,26497.084624688076,26497.084624688076,-4882.943278092769,-4882.943278092769,-4882.943278092769,856.1734189343236,856.1734189343236,856.1734189343236,-5739.116697027092,-5739.116697027092,-5739.116697027092,0.0,0.0,0.0,21614.14134659531
2010-08-05,26501.961826641265,16685.38324481907,36227.311724887404,26501.961826641265,26501.961826641265,-44.04669452295978,-44.04669452295978,-44.04669452295978,5534.42827195651,5534.42827195651,5534.42827195651,-5578.47496647947,-5578.47496647947,-5578.47496647947,0.0,0.0,0.0,26457.915132118305
2010-08-06,26506.839028594455,9082.065475285654,29970.264680970227,26506.839028594455,26506.839028594455,-7334.193509821366,-7334.193509821366,-7334.193509821366,-1973.61303090391,-1973.61303090391,-1973.61303090391,-5360.580478917456,-5360.580478917456,-5360.580478917456,0.0,0.0,0.0,19172.64551877309
2010-08-08,26516.593432500835,5835.511891750338,25738.814930839297,26516.593432500835,26516.593432500835,-10918.684864978284,-10918.684864978284,-10918.684864978284,-6138.724013740661,-6138.724013740661,-6138.724013740661,-4779.960851237624,-4779.960851237624,-4779.960851237624,0.0,0.0,0.0,15597.90856752255
2010-08-09,26521.470634454025,14335.617700563487,34498.130913439876,26521.470634454025,26521.470634454025,-1946.9614439700663,-1946.9614439700663,-1946.9614439700663,2487.7358370527018,2487.7358370527018,2487.7358370527018,-4434.697281022768,-4434.697281022768,-4434.697281022768,0.0,0.0,0.0,24574.509190483957
2010-08-10,26526.347836407218,15034.728392332632,35220.2827737474,26526.347836407218,26526.347836407218,-1142.7827624115166,-1142.7827624115166,-1142.7827624115166,2923.8072223658855,2923.8072223658855,2923.8072223658855,-4066.5899847774026,-4066.5899847774026,-4066.5899847774026,0.0,0.0,0.0,25383.565073995702
2010-08-11,26531.225038360408,13360.529675052385,33282.39553067835,26531.225038360408,26531.225038360408,-2830.9606849952274,-2830.9606849952274,-2830.9606849952274,856.1734189277005,856.1734189277005,856.1734189277005,-3687.134103922928,-3687.134103922928,-3687.134103922928,0.0,0.0,0.0,23700.26435336518
2010-08-12,26536.102240313598,18258.615802948676,37630.44949226684,26536.102240313598,26536.102240313598,2226.0995607704285,2226.0995607704285,2226.0995607704285,5534.428271949583,5534.428271949583,5534.428271949583,-3308.3287111791556,-3308.3287111791556,-3308.3287111791556,0.0,0.0,0.0,28762.201801084026
2010-08-13,26540.979442266787,11539.281619682242,31503.102657190786,26540.979442266787,26540.979442266787,-4915.916638606709,-4915.916638606709,-4915.916638606709,-1973.6130309092075,-1973.6130309092075,-1973.6130309092075,-2942.303607697502,-2942.303607697502,-2942.303607697502,0.0,0.0,0.0,21625.06280366008
2010-08-15,26550.73384617317,8255.041603011008,28716.71007996006,26550.73384617317,26550.73384617317,-8434.19669812632,-8434.19669812632,-8434.19669812632,-6138.724013757336,-6138.724013757336,-6138.724013757336,-2295.4726843689846,-2295.4726843689846,-2295.4726843689846,0.0,0.0,0.0,18116.537148046853
2010-08-16,26555.611048126364,17109.67400936804,36859.561180779936,26555.611048126364,26555.611048126364,451.57907244795103,451.57907244795103,451.57907244795103,2487.735837027509,2487.735837027509,2487.735837027509,-2036.156764579558,-2036.156764579558,-2036.156764579558,0.0,0.0,0.0,27007.190120574316
2010-08-17,26560.488250079554,17251.371092774873,37596.56504677567,26560.488250079554,26560.488250079554,1091.9163059682485,1091.9163059682485,1091.9163059682485,2923.8072223687773,2923.8072223687773,2923.8072223687773,-1831.8909164005288,-1831.8909164005288,-1831.8909164005288,0.0,0.0,0.0,27652.4045560478
2010-08-18,26565.365452032744,15226.313694196428,35897.11005459213,26565.365452032744,26565.365452032744,-833.7535461743496,-833.7535461743496,-833.7535461743496,856.1734189251177,856.1734189251177,856.1734189251177,-1689.9269650994672,-1689.9269650994672,-1689.9269650994672,0.0,0.0,0.0,25731.611905858394
2010-08-19,26570.242653985933,20322.09127925704,40288.205188413805,26570.242653985933,26570.242653985933,3918.8243972102932,3918.8243972102932,3918.8243972102932,5534.428271951945,5534.428271951945,5534.428271951945,-1615.6038747416517,-1615.6038747416517,-1615.6038747416517,0.0,0.0,0.0,30489.067051196227
2010-08-20,26575.119855939123,12937.99831899049,33614.05181441501,26575.119855939123,26575.119855939123,-3585.7513868810884,-3585.7513868810884,-3585.7513868810884,-1973.613030912339,-1973.613030912339,-1973.613030912339,-1612.138355968749,-1612.138355968749,-1612.138355968749,0.0,0.0,0.0,22989.368469058034
2010-08-22,26584.874259845506,8960.068375428365,28550.507347683902,26584.874259845506,26584.874259845506,-7957.928946003186,-7957.928946003186,-7957.928946003186,-6138.724013750353,-6138.724013750353,-6138.724013750353,-1819.2049322528333,-1819.2049322528333,-1819.2049322528333,0.0,0.0,0.0,18626.94531384232
2010-08-23,26589.751461798696,16967.332110197174,36843.34616147204,26589.751461798696,26589.751461798696,463.1911333424225,463.1911333424225,463.1911333424225,2487.7358370430316,2487.7358370430316,2487.7358370430316,-2024.5447037006093,-2024.5447037006093,-2024.5447037006093,0.0,0.0,0.0,27052.942595141118
2010-08-24,26594.628663751886,17247.318863615343,36647.41630870102,26594.628663751886,26594.628663751886,633.4112878589406,633.4112878589406,633.4112878589406,2923.8072223716686,2923.8072223716686,2923.8072223716686,-2290.395934512728,-2290.395934512728,-2290.395934512728,0.0,0.0,0.0,27228.039951610826
2010-08-25,26599.505865705076,14994.205427285557,34603.45567566817,26599.505865705076,26599.505865705076,-1752.2922806881998,-1752.2922806881998,-1752.2922806881998,856.173418922535,856.173418922535,856.173418922535,-2608.465699610735,-2608.465699610735,-2608.465699610735,0.0,0.0,0.0,24847.213585016878
2010-08-26,26604.383067658266,18929.09294736065,38944.80626638816,26604.383067658266,26604.383067658266,2565.9718708597584,2565.9718708597584,2565.9718708597584,5534.428271944339,5534.428271944339,5534.428271944339,-2968.456401084581,-2968.456401084581,-2968.456401084581,0.0,0.0,0.0,29170.354938518023
2010-08-27,26609.26026961146,11046.685327306897,31252.922978939892,26609.26026961146,26609.26026961146,-5331.929547477772,-5331.929547477772,-5331.929547477772,-1973.6130309065722,-1973.6130309065722,-1973.6130309065722,-3358.3165165712003,-3358.3165165712003,-3358.3165165712003,0.0,0.0,0.0,21277.330722133687
2010-08-29,26619.014673517842,6372.879775617306,25344.46491310099,26619.014673517842,26619.014673517842,-10311.273331883453,-10311.273331883453,-10311.273331883453,-6138.72401374337,-6138.72401374337,-6138.72401374337,-4172.549318140082,-4172.549318140082,-4172.549318140082,0.0,0.0,0.0,16307.74134163439
2010-08-31,26628.769077424222,14562.38867099309,35464.191579255115,26628.769077424222,26628.769077424222,-2008.564095148174,-2008.564095148174,-2008.564095148174,2923.807222357593,2923.807222357593,2923.807222357593,-4932.371317505767,-4932.371317505767,-4932.371317505767,0.0,0.0,0.0,24620.20498227605
2010-09-01,26633.64627937741,12301.193242428897,32606.122896614932,26633.64627937741,26633.64627937741,-4396.964050146218,-4396.964050146218,-4396.964050146218,856.1734189325011,856.1734189325011,856.1734189325011,-5253.137469078719,-5253.137469078719,-5253.137469078719,0.0,0.0,0.0,22236.68222923119
2010-09-02,26638.523481330605,16572.590971914633,36466.44523897837,26638.523481330605,26638.523481330605,19.995114544143057,19.995114544143057,19.995114544143057,5534.428271946701,5534.428271946701,5534.428271946701,-5514.433157402557,-5514.433157402557,-5514.433157402557,0.0,0.0,0.0,26658.51859587475
2010-09-03,26643.400683283795,9394.51638244645,29048.190887960074,26643.400683283795,26643.400683283795,-7675.9747057045,-7675.9747057045,-7675.9747057045,-1973.6130309097034,-1973.6130309097034,-1973.6130309097034,-5702.361674794795,-5702.361674794795,-5702.361674794795,0.0,0.0,0.0,18967.425977579296
2010-09-05,26653.155087190175,5103.438694169016,24945.228075443858,26653.155087190175,26653.155087190175,-11948.575784877165,-11948.575784877165,-11948.575784877165,-6138.724013736386,-6138.724013736386,-6138.724013736386,-5809.851771140777,-5809.851771140777,-5809.851771140777,0.0,0.0,0.0,14704.57930231301
2010-09-06,26658.032289143364,14410.197407644586,33171.602145853685,26658.032289143364,26658.032289143364,-3222.25938882037,-3222.25938882037,-3222.25938882037,2487.735837049364,2487.735837049364,2487.735837049364,-5709.995225869735,-5709.995225869735,-5709.995225869735,0.0,0.0,0.0,23435.772900322994
2010-09-07,26662.909491096558,14247.486888862173,34036.79963590615,26662.909491096558,26662.909491096558,-2574.7178217777387,-2574.7178217777387,-2574.7178217777387,2923.8072223801246,2923.8072223801246,2923.8072223801246,-5498.525044157864,-5498.525044157864,-5498.525044157864,0.0,0.0,0.0,24088.191669318818
2010-09-08,26667.786693049748,12074.035476204075,31904.756059509924,26667.786693049748,26667.786693049748,-4315.498365477088,-4315.498365477088,-4315.498365477088,856.1734189153491,856.1734189153491,856.1734189153491,-5171.671784392436,-5171.671784392436,-5171.671784392436,0.0,0.0,0.0,22352.28832757266
2010-09-09,26672.663895002937,17779.91638823012,37298.77489043818,26672.663895002937,26672.663895002937,806.0705566140795,806.0705566140795,806.0705566140795,5534.428271949061,5534.428271949061,5534.428271949061,-4728.357715334982,-4728.357715334982,-4728.357715334982,0.0,0.0,0.0,27478.734451617016
2010-09-10,26677.541096956127,10464.134350445529,29939.07353550229,26677.541096956127,26677.541096956127,-6143.876095510465,-6143.876095510465,-6143.876095510465,-1973.6130309150008,-1973.6130309150008,-1973.6130309150008,-4170.263064595465,-4170.263064595465,-4170.263064595465,0.0,0.0,0.0,20533.66500144566
2010-09-12,26687.295500862507,7705.97688931739,28120.778587167508,26687.295500862507,26687.295500862507,-8868.842828185605,-8868.842828185605,-8868.842828185605,-6138.724013753062,-6138.724013753062,-6138.724013753062,-2730.118814432543,-2730.118814432543,-2730.118814432543,0.0,0.0,0.0,17818.452672676904
2010-09-13,26692.172702815704,17249.65699305213,37667.43426399597,26692.172702815704,26692.172702815704,622.9613986013169,622.9613986013169,622.9613986013169,2487.735837048885,2487.735837048885,2487.735837048885,-1864.7744384475682,-1864.7744384475682,-1864.7744384475682,0.0,0.0,0.0,27315.13410141702
2010-09-14,26697.049904768894,19489.108247818644,38703.98740782656,26697.049904768894,26697.049904768894,2006.1267968416662,2006.1267968416662,2006.1267968416662,2923.8072223687245,2923.8072223687245,2923.8072223687245,-917.6804255270588,-917.6804255270588,-917.6804255270588,0.0,0.0,0.0,28703.17670161056
2010-09-15,26701.927106722083,17725.955460251596,38047.42690547023,26701.927106722083,26701.927106722083,953.4400817185004,953.4400817185004,953.4400817185004,856.1734189273349,856.1734189273349,856.1734189273349,97.26666279116579,97.26666279116579,97.26666279116579,0.0,0.0,0.0,27655.367188440585
2010-09-16,26706.804308675273,23580.80773288382,43912.95098251449,26706.804308675273,26706.804308675273,6698.939076305267,6698.939076305267,6698.939076305267,5534.428271951422,5534.428271951422,5534.428271951422,1164.5108043538442,1164.5108043538442,1164.5108043538442,0.0,0.0,0.0,33405.74338498054
2010-09-17,26711.681510628463,17418.77811840589,36395.87340231319,26711.681510628463,26711.681510628463,293.61019716995844,293.61019716995844,293.61019716995844,-1973.6130309049042,-1973.6130309049042,-1973.6130309049042,2267.2232280748626,2267.2232280748626,2267.2232280748626,0.0,0.0,0.0,27005.29170779842
2010-09-19,26721.435914534846,14935.615461703797,34843.004900557615,26721.435914534846,26721.435914534846,-1630.798658625541,-1630.798658625541,-1630.798658625541,-6138.724013734209,-6138.724013734209,-6138.724013734209,4507.925355108669,4507.925355108669,4507.925355108669,0.0,0.0,0.0,25090.637255909307
2010-09-20,26726.313116488036,25142.60154433925,44841.262561633346,26726.313116488036,26726.313116488036,8097.524565823306,8097.524565823306,8097.524565823306,2487.7358370484053,2487.7358370484053,2487.7358370484053,5609.7887287749,5609.7887287749,5609.7887287749,0.0,0.0,0.0,34823.83768231134
2010-09-21,26731.190318441226,26093.54501459079,46427.35542235196,26731.190318441226,26731.190318441226,9599.582862923364,9599.582862923364,9599.582862923364,2923.807222388581,2923.807222388581,2923.807222388581,6675.775640534782,6675.775640534782,6675.775640534782,0.0,0.0,0.0,36330.77318136459
2010-09-22,26736.067520394416,25903.06597019789,45899.353481233855,26736.067520394416,26736.067520394416,8545.460424883486,8545.460424883486,8545.460424883486,856.1734189373012,856.1734189373012,856.1734189373012,7689.287005946187,7689.287005946187,7689.287005946187,0.0,0.0,0.0,35281.5279452779
2010-09-23,26740.944722347605,30580.909298686594,50807.60685035127,26740.944722347605,26740.944722347605,14169.502651782643,14169.502651782643,14169.502651782643,5534.428271943817,5534.428271943817,5534.428271943817,8635.074379838825,8635.074379838825,8635.074379838825,0.0,0.0,0.0,40910.44737413025
2010-09-24,26745.8219243008,23970.33524723412,44556.02265558972,26745.821862093104,26745.821954999494,7526.000122719129,7526.000122719129,7526.000122719129,-1973.6130308991362,-1973.6130308991362,-1973.6130308991362,9499.613153618264,9499.613153618264,9499.613153618264,0.0,0.0,0.0,34271.82204701993
2010-09-25,26750.69912625399,23386.253191610056,43528.585408978215,26750.698941107243,26750.69928556228,6581.619484104108,6581.619484104108,6581.619484104108,-3689.8077056427105,-3689.8077056427105,-3689.8077056427105,10271.427189746819,10271.427189746819,10271.427189746819,0.0,0.0,0.0,33332.318610358096
2010-09-26,26755.57632820718,21304.75001648569,41499.917122175546,26755.575990568297,26755.57670139103,4802.631968576671,4802.631968576671,4802.631968576671,-6138.7240137390945,-6138.7240137390945,-6138.7240137390945,10941.355982315767,10941.355982315767,10941.355982315767,0.0,0.0,0.0,31558.20829678385
2010-09-27,26760.45353016037,30587.361229515864,51003.662593422945,26760.45290558439,26760.454215435057,13990.492927496474,13990.492927496474,13990.492927496474,2487.735837047926,2487.735837047926,2487.735837047926,11502.75709044855,11502.75709044855,11502.75709044855,0.0,0.0,0.0,40750.94645765684
2010-09-28,26765.330732113558,31341.644403132697,51245.969561320526,26765.329803367375,26765.33177116433,14875.445680574794,14875.445680574794,14875.445680574794,2923.80722237718,2923.80722237718,2923.80722237718,11951.638458197613,11951.638458197613,11951.638458197613,0.0,0.0,0.0,41640.776412688356
2010-09-29,26770.20793406675,29142.39032118973,49716.560798756356,26770.206673196495,26770.209261942506,13142.890675328661,13142.890675328661,13142.890675328661,856.1734189347185,856.1734189347185,856.1734189347185,12286.717256393942,12286.717256393942,12286.717256393942,0.0,0.0,0.0,39913.09860939541
2010-09-30,26775.085136019945,35048.98011901113,54823.73378213766,26775.08345906335,26775.086829331118,18043.832271409996,18043.832271409996,18043.832271409996,5534.428271955464,5534.428271955464,5534.428271955464,12509.403999454533,12509.403999454533,12509.403999454533,0.0,0.0,0.0,44818.91740742994
2010-10-01,26779.962337973135,27376.920033455597,47093.98025887668,26779.9601386935,26779.96439270787,10650.099810819875,10650.099810819875,10650.099810819875,-1973.6130309044336,-1973.6130309044336,-1973.6130309044336,12623.712841724308,12623.712841724308,12623.712841724308,0.0,0.0,0.0,37430.06214879301
2010-10-02,26784.839539926325,26289.89394022253,45471.766172107724,26784.83691433127,26784.841930763636,8946.29337495198,8946.29337495198,8946.29337495198,-3689.807705651973,-3689.807705651973,-3689.807705651973,12636.101080603954,12636.101080603954,12636.101080603954,0.0,0.0,0.0,35731.132914878304
2010-10-03,26789.716741879514,23149.066599744012,43410.442426078094,26789.7136428437,26789.71959588207,6416.5189116716565,6416.5189116716565,6416.5189116716565,-6138.724013755771,-6138.724013755771,-6138.724013755771,12555.242925427428,12555.242925427428,12555.242925427428,0.0,0.0,0.0,33206.23565355117
2010-10-04,26794.593943832704,32130.170716261808,51638.94577766556,26794.590487872418,26794.59732385431,14879.480309456627,14879.480309456627,14879.480309456627,2487.7358370547377,2487.7358370547377,2487.7358370547377,12391.744472401888,12391.744472401888,12391.744472401888,0.0,0.0,0.0,41674.074253289335
2010-10-05,26799.471145785894,32362.745555322745,51946.18992876205,26799.467134490125,26799.475051802736,15081.615724128673,15081.615724128673,15081.615724128673,2923.8072223800714,2923.8072223800714,2923.8072223800714,12157.808501748603,12157.808501748603,12157.808501748603,0.0,0.0,0.0,41881.086869914565
2010-10-06,26804.348347739087,28863.763630098372,48684.78126431425,26804.343816415872,26804.352727815152,12723.032553403498,12723.032553403498,12723.032553403498,856.1734189467041,856.1734189467041,856.1734189467041,11866.859134456796,11866.859134456796,11866.859134456796,0.0,0.0,0.0,39527.380901142584
2010-10-07,26809.225549692277,33845.12910301222,53366.09169652885,26809.22046559378,26809.230634663305,17067.56578317213,17067.56578317213,17067.56578317213,5534.428271948537,5534.428271948537,5534.428271948537,11533.137511223593,11533.137511223593,11533.137511223593,0.0,0.0,0.0,43876.791332864406
2010-10-08,26814.102751645467,25800.997988652052,45403.35012906536,26814.09725047901,26814.108396253123,9197.66742122582,9197.66742122582,9197.66742122582,-1973.6130308965016,-1973.6130308965016,-1973.6130308965016,11171.28045212232,11171.28045212232,11171.28045212232,0.0,0.0,0.0,36011.770172871285
2010-10-09,26818.979953598657,24075.64390037608,43069.098588591994,26818.974027075,26818.986145353152,7106.086793492524,7106.086793492524,7106.086793492524,-3689.8077056431653,-3689.8077056431653,-3689.8077056431653,10795.89449913569,10795.89449913569,10795.89449913569,0.0,0.0,0.0,33925.06674709118
2010-10-10,26823.857155551847,20938.419538270977,40225.24323084259,26823.85069791165,26823.863866962176,4282.4138082683385,4282.4138082683385,4282.4138082683385,-6138.724013748788,-6138.724013748788,-6138.724013748788,10421.137822017126,10421.137822017126,10421.137822017126,0.0,0.0,0.0,31106.270963820185
2010-10-11,26828.73435750504,29060.11180182046,49969.421676699836,26828.727323277923,26828.74170518046,12548.05801576245,12548.05801576245,12548.05801576245,2487.735837029545,2487.735837029545,2487.735837029545,10060.322178732904,10060.322178732904,10060.322178732904,0.0,0.0,0.0,39376.79237326749
2010-10-12,26833.61155945823,30247.498673654227,48923.11820581154,26833.603929362926,26833.619579133578,12649.35369606419,12649.35369606419,12649.35369606419,2923.807222382962,2923.807222382962,2923.807222382962,9725.546473681228,9725.546473681228,9725.546473681228,0.0,0.0,0.0,39482.96525552242
2010-10-13,26838.48876141142,27945.31103006056,47472.897400452384,26838.480669137884,26838.497434000194,10283.545888288487,10283.545888288487,10283.545888288487,856.1734189295522,856.1734189295522,856.1734189295522,9427.372469358934,9427.372469358934,9427.372469358934,0.0,0.0,0.0,37122.034649699905
2010-10-14,26843.36596336461,31922.26739679539,51050.09061312151,26843.357412666355,26843.37519234296,14708.980181034613,14708.980181034613,14708.980181034613,5534.428271940933,5534.428271940933,5534.428271940933,9174.551909093678,9174.551909093678,9174.551909093678,0.0,0.0,0.0,41552.34614439922
2010-10-15,26848.243165317803,23844.048248010262,43646.299440633404,26848.233865704973,26848.253043223252,7000.199707830784,7000.199707830784,7000.199707830784,-1973.613030899633,-1973.613030899633,-1973.613030899633,8973.812738730418,8973.812738730418,8973.812738730418,0.0,0.0,0.0,33848.44287314859
2010-10-16,26853.120367270993,21523.64261290631,42037.33587459223,26853.1102409551,26853.130856867345,5139.902614255349,5139.902614255349,5139.902614255349,-3689.807705647041,-3689.807705647041,-3689.807705647041,8829.71031990239,8829.71031990239,8829.71031990239,0.0,0.0,0.0,31993.02298152634
2010-10-17,26857.997569224186,19338.154764947907,39365.17219851261,26857.986688407207,26858.008602910453,2605.823546345402,2605.823546345402,2605.823546345402,-6138.724013753674,-6138.724013753674,-6138.724013753674,8744.547560099076,8744.547560099076,8744.547560099076,0.0,0.0,0.0,29463.82111556959
2010-10-18,26862.874771177376,27228.83874722579,48586.31511936056,26862.86316661544,26862.88622914609,11206.101640487783,11206.101640487783,11206.101640487783,2487.7358370450684,2487.7358370450684,2487.7358370450684,8718.365803442715,8718.365803442715,8718.365803442715,0.0,0.0,0.0,38068.97641166516
2010-10-19,26867.751973130566,28713.31587037073,48374.52145450539,26867.739860255973,26867.764078246113,11672.813414985048,11672.813414985048,11672.813414985048,2923.807222388528,2923.807222388528,2923.807222388528,8749.006192596518,8749.006192596518,8749.006192596518,0.0,0.0,0.0,38540.56538811562
2010-10-20,26872.629175083755,26674.00794972253,47642.559517679525,26872.616161335078,26872.641953486363,9688.412508876958,9688.412508876958,9688.412508876958,856.1734189395186,856.1734189395186,856.1734189395186,8832.239089937439,8832.239089937439,8832.239089937439,0.0,0.0,0.0,36561.04168396071
2010-10-21,26877.506377036945,30923.82299326457,50569.35214587389,26877.49247434393,26877.519864319645,14496.385369964588,14496.385369964588,14496.385369964588,5534.428271943293,5534.428271943293,5534.428271943293,8961.957098021294,8961.957098021294,8961.957098021294,0.0,0.0,0.0,41373.89174700153
2010-10-22,26882.383578990135,23587.822092334627,43818.41845098625,26882.368891026148,26882.39793119671,7156.812275537129,7156.812275537129,7156.812275537129,-1973.6130309049302,-1973.6130309049302,-1973.6130309049302,9130.425306442059,9130.425306442059,9130.425306442059,0.0,0.0,0.0,34039.195854527265
2010-10-23,26887.26078094333,22407.74312524021,42246.79645813199,26887.24546125541,26887.27583671635,5638.7729657427035,5638.7729657427035,5638.7729657427035,-3689.8077056509173,-3689.8077056509173,-3689.8077056509173,9328.58067139362,9328.58067139362,9328.58067139362,0.0,0.0,0.0,32526.033746686033
2010-10-24,26892.13798289652,20043.293402555275,40458.68318103842,26892.122097021263,26892.153651365425,3407.6469431931573,3407.6469431931573,3407.6469431931573,-6138.724013734821,-6138.724013734821,-6138.724013734821,9546.370956927978,9546.370956927978,9546.370956927978,0.0,0.0,0.0,30299.784926089676
2010-10-25,26897.015184849708,29028.317733465065,49405.65910878661,26896.998880180912,26897.03174685779,12260.858314403155,12260.858314403155,12260.858314403155,2487.7358370198754,2487.7358370198754,2487.7358370198754,9773.12247738328,9773.12247738328,9773.12247738328,0.0,0.0,0.0,39157.87349925286
2010-10-26,26901.892386802898,29724.20245115477,50130.28097723559,26901.87531931678,26901.9099777496,12921.732236681119,12921.732236681119,12921.732236681119,2923.807222374453,2923.807222374453,2923.807222374453,9997.925014306664,9997.925014306664,9997.925014306664,0.0,0.0,0.0,39823.624623484015
2010-10-27,26906.769588756088,28098.3865703279,47603.61888916102,26906.751669880094,26906.78788809802,11066.195183773572,11066.195183773572,11066.195183773572,856.173418936935,856.173418936935,856.173418936935,10210.021764836638,10210.021764836638,10210.021764836638,0.0,0.0,0.0,37972.96477252966
2010-10-28,26911.64679070928,32875.57131648852,53643.99236512135,26911.62800532475,26911.666016440202,15933.620299615948,15933.620299615948,15933.620299615948,5534.428271944975,5534.428271944975,5534.428271944975,10399.192027670972,10399.192027670972,10399.192027670972,0.0,0.0,0.0,42845.26709032523
2010-10-29,26916.52399266247,25205.79224459929,45713.196870352855,26916.504587025738,26916.544283800024,8582.501521604207,8582.501521604207,8582.501521604207,-1973.6130309080622,-1973.6130309080622,-1973.6130309080622,10556.114552512267,10556.114552512267,10556.114552512267,0.0,0.0,0.0,35499.02551426668
2010-10-30,26921.401194615664,24110.811519936553,44414.47988689613,26921.381024361046,26921.422679440308,6982.892357814586,6982.892357814586,6982.892357814586,-3689.8077056474963,-3689.8077056474963,-3689.8077056474963,10672.700063462082,10672.700063462082,10672.700063462082,0.0,0.0,0.0,33904.29355243025
2010-10-31,26926.278396568854,21204.63217314861,41777.84638087095,26926.257333780522,26926.300590835017,4603.658385526595,4603.658385526595,4603.658385526595,-6138.724013751496,-6138.724013751496,-6138.724013751496,10742.382399278093,10742.382399278093,10742.382399278093,0.0,0.0,0.0,31529.93678209545
2010-11-01,26931.155598522044,30257.054464238714,49541.870677280654,26931.133655863166,26931.178954655184,13248.094803815777,13248.094803815777,13248.094803815777,2487.7358370353986,2487.7358370353986,2487.7358370353986,10760.358966780379,10760.358966780379,10760.358966780379,0.0,0.0,0.0,40179.25040233782
2010-11-02,26936.032800475234,29919.66663315417,50240.19011025837,26936.01028872835,26936.05695351948,13647.579963578668,13647.579963578668,13647.579963578668,2923.8072223773434,2923.8072223773434,2923.8072223773434,10723.772741201325,10723.772741201325,10723.772741201325,0.0,0.0,0.0,40583.612764053905
2010-11-03,26940.910002428427,28544.32880191251,48502.893396586805,26940.8867088043,26940.93492188715,11488.003242662538,11488.003242662538,11488.003242662538,856.1734189343523,856.1734189343523,856.1734189343523,10631.829823728185,10631.829823728185,10631.829823728185,0.0,0.0,0.0,38428.91324509097
2010-11-04,26945.787204381617,32221.8126026491,52175.11230773448,26945.76284253573,26945.81308853565,16020.276801508799,16020.276801508799,16020.276801508799,5534.428271955942,5534.428271955942,5534.428271955942,10485.848529552855,10485.848529552855,10485.848529552855,0.0,0.0,0.0,42966.06400589042
2010-11-05,26950.664406334807,25290.11365366952,45259.492800229746,26950.639489288893,26950.691019044334,8315.625040309806,8315.625040309806,8315.625040309806,-1973.6130309022947,-1973.6130309022947,-1973.6130309022947,10289.2380712121,10289.2380712121,10289.2380712121,0.0,0.0,0.0,35266.289446644616
2010-11-06,26955.541608287996,23423.684883974365,42780.025511598265,26955.516178977286,26955.569031912622,6357.599354340565,6357.599354340565,6357.599354340565,-3689.8077056459856,-3689.8077056459856,-3689.8077056459856,10047.40705998655,10047.40705998655,10047.40705998655,0.0,0.0,0.0,33313.14096262856
2010-11-07,26960.418810241186,20438.33711012179,40743.50614690483,26960.3925981558,26960.447094637842,3628.880194557559,3628.880194557559,3628.880194557559,-6138.724013744433,-6138.724013744433,-6138.724013744433,9767.604208301993,9767.604208301993,9767.604208301993,0.0,0.0,0.0,30589.299004798744
2010-11-08,26965.29601219438,29440.474478968386,48720.90939541347,26965.269184749577,26965.32528040792,11946.431551171087,11946.431551171087,11946.431551171087,2487.7358370509214,2487.7358370509214,2487.7358370509214,9458.695714120164,9458.695714120164,9458.695714120164,0.0,0.0,0.0,38911.727563365464
2010-11-09,26970.17321414757,28594.832793574966,49108.76609450811,26970.145483818633,26970.20355190237,12054.693003679047,12054.693003679047,12054.693003679047,2923.8072223632694,2923.8072223632694,2923.8072223632694,9130.885781315777,9130.885781315777,9130.885781315777,0.0,0.0,0.0,39024.86621782662
2010-11-10,26975.05041610076,27434.00332701612,45992.37084297342,26975.021764672085,26975.0817673089,9651.561937740506,9651.561937740506,9651.561937740506,856.1734189297495,856.1734189297495,856.1734189297495,8795.388518810756,8795.388518810756,8795.388518810756,0.0,0.0,0.0,36626.612353841265
2010-11-11,26979.92761805395,31282.290941521136,50342.07960210276,26979.898064170025,26979.95988442056,13998.489283583936,13998.489283583936,13998.489283583936,5534.4282719490175,5534.4282719490175,5534.4282719490175,8464.06101163492,8464.06101163492,8464.06101163492,0.0,0.0,0.0,40978.41690163789
2010-11-12,26984.80482000714,22385.69706900212,43757.07153011605,26984.77442654373,26984.838196857738,6175.395591141209,6175.395591141209,6175.395591141209,-1973.613030905427,-1973.613030905427,-1973.613030905427,8149.0086220466355,8149.0086220466355,8149.0086220466355,0.0,0.0,0.0,33160.20041114835
2010-11-13,26989.68202196033,21430.276733080453,41514.08277306402,26989.65075877671,26989.716861198987,4172.3668137201585,4172.3668137201585,4172.3668137201585,-3689.807705649862,-3689.807705649862,-3689.807705649862,7862.174519370021,7862.174519370021,7862.174519370021,0.0,0.0,0.0,31162.048835680485
2010-11-14,26994.559223913522,18657.89669914367,37993.824776601876,26994.52704249077,26994.594935431927,1476.2020101528283,1476.2020101528283,1476.2020101528283,-6138.72401374932,-6138.72401374932,-6138.72401374932,7614.926023902149,7614.926023902149,7614.926023902149,0.0,0.0,0.0,28470.76123406635
2010-11-15,26999.436425866716,25960.192718766255,46826.37394955509,26999.4032598841,26999.47306493405,9905.386400978992,9905.386400978992,9905.386400978992,2487.735837025729,2487.735837025729,2487.735837025729,7417.650563953263,7417.650563953263,7417.650563953263,0.0,0.0,0.0,36904.82282684571
2010-11-16,27004.313627819905,27564.785944643285,47903.474637609084,27004.279536346512,27004.35109640801,10203.181100051757,10203.181100051757,10203.181100051757,2923.8072223858,2923.8072223858,2923.8072223858,7279.3738776659575,7279.3738776659575,7279.3738776659575,0.0,0.0,0.0,37207.494727871665
2010-11-17,27009.190829773095,25427.581762170463,45076.030914205905,27009.15566777954,27009.229514798808,8063.585964609626,8063.585964609626,8063.585964609626,856.1734189417355,856.1734189417355,856.1734189417355,7207.41254566789,7207.41254566789,7207.41254566789,0.0,0.0,0.0,35072.77679438272
2010-11-18,27014.068031726285,29198.835513322,49448.218064815366,27014.03179921257,27014.108073377847,12741.500303030421,12741.500303030421,12741.500303030421,5534.428271951378,5534.428271951378,5534.428271951378,7207.072031079044,7207.072031079044,7207.072031079044,0.0,0.0,0.0,39755.56833475671
2010-11-19,27018.945233679475,21675.267963510385,42637.442820035765,27018.907951854646,27018.98661796386,5307.787123889425,5307.787123889425,5307.787123889425,-1973.613030908559,-1973.613030908559,-1973.613030908559,7281.400154797983,7281.400154797983,7281.400154797983,0.0,0.0,0.0,32326.7323575689
2010-11-20,27023.82243563267,20372.196083112765,41149.394636071,27023.784224324252,27023.864887529115,3741.1966757321716,3741.1966757321716,3741.1966757321716,-3689.807705648353,-3689.807705648353,-3689.807705648353,7431.004381380524,7431.004381380524,7431.004381380524,0.0,0.0,0.0,30765.01911136484
